Watching for file changes with StatReloader
Waiting for apps ready_event.
Apps ready_event triggered. Sending autoreload_started signal.
Watching dir C:\the_project_of_all_time\src\pages\templates with glob **/*.
Watching dir C:\the_project_of_all_time\locale with glob **/*.mo.
Watching dir C:\the_project_of_all_time\src\pages\locale with glob **/*.mo.
(0.000) 
            SELECT name, type FROM sqlite_master
            WHERE type in ('table', 'view') AND NOT name='sqlite_sequence'
            ORDER BY name; args=None; alias=default
(0.000) SELECT "django_migrations"."id", "django_migrations"."app", "django_migrations"."name", "django_migrations"."applied" FROM "django_migrations"; args=(); alias=default
File C:\Users\mikae\AppData\Roaming\Python\Python312\site-packages\django\core\cache\__init__.py first seen with mtime 1780981152.442237
File C:\Users\mikae\AppData\Roaming\Python\Python312\site-packages\django\utils\cache.py first seen with mtime 1780981152.6107998
File C:\Users\mikae\AppData\Roaming\Python\Python312\site-packages\django\apps\__init__.py first seen with mtime 1780981150.8073757
File C:\Users\mikae\AppData\Roaming\Python\Python312\site-packages\django\views\defaults.py first seen with mtime 1780981152.6294763
File C:\Python312\Lib\opcode.py first seen with mtime 1725643874.0
File C:\Python312\DLLs\select.pyd first seen with mtime 1725643928.0
File C:\Python312\Lib\email\mime\text.py first seen with mtime 1725643874.0
File C:\Users\mikae\AppData\Roaming\Python\Python312\site-packages\django\contrib\admin\templatetags\admin_urls.py first seen with mtime 1780981151.2784965
File C:\Users\mikae\AppData\Roaming\Python\Python312\site-packages\django\template\context.py first seen with mtime 1780981152.5894866
File C:\Users\mikae\AppData\Roaming\Python\Python312\site-packages\asgiref\sync.py first seen with mtime 1780981149.8517473
File C:\Users\mikae\AppData\Roaming\Python\Python312\site-packages\django\contrib\admin\views\main.py first seen with mtime 1780981151.2816243
File C:\Users\mikae\AppData\Roaming\Python\Python312\site-packages\django\db\models\utils.py first seen with mtime 1780981152.5247278
File C:\Python312\Lib\subprocess.py first seen with mtime 1725643874.0
File C:\Python312\Lib\tempfile.py first seen with mtime 1725643874.0
File C:\Python312\Lib\json\__init__.py first seen with mtime 1725643874.0
File C:\Users\mikae\AppData\Roaming\Python\Python312\site-packages\sqlparse\sql.py first seen with mtime 1780981149.1115808
File C:\Python312\Lib\textwrap.py first seen with mtime 1725643874.0
File C:\Python312\Lib\random.py first seen with mtime 1725643874.0
File C:\Python312\Lib\glob.py first seen with mtime 1725643874.0
File C:\Users\mikae\AppData\Roaming\Python\Python312\site-packages\django\core\checks\registry.py first seen with mtime 1780981152.4510548
File C:\Users\mikae\AppData\Roaming\Python\Python312\site-packages\django\contrib\auth\base_user.py first seen with mtime 1780981151.4013197
File C:\Users\mikae\AppData\Roaming\Python\Python312\site-packages\django\db\backends\ddl_references.py first seen with mtime 1780981152.4848423
File C:\Users\mikae\AppData\Roaming\Python\Python312\site-packages\django\core\management\__init__.py first seen with mtime 1780981152.4666846
File C:\Python312\Lib\typing.py first seen with mtime 1725643874.0
File C:\Users\mikae\AppData\Roaming\Python\Python312\site-packages\django\db\backends\sqlite3\schema.py first seen with mtime 1780981152.506148
File C:\Users\mikae\AppData\Roaming\Python\Python312\site-packages\django\core\cache\backends\base.py first seen with mtime 1780981152.445282
File C:\Users\mikae\AppData\Roaming\Python\Python312\site-packages\django\contrib\admin\utils.py first seen with mtime 1780981151.0048702
File C:\Users\mikae\AppData\Roaming\Python\Python312\site-packages\django\contrib\contenttypes\__init__.py first seen with mtime 1780981151.5247533
File C:\Users\mikae\AppData\Roaming\Python\Python312\site-packages\django\contrib\messages\middleware.py first seen with mtime 1780981152.0175276
File C:\Python312\Lib\fnmatch.py first seen with mtime 1725643874.0
File C:\Users\mikae\AppData\Roaming\Python\Python312\site-packages\django\contrib\admin\templatetags\__init__.py first seen with mtime 1780981151.2769918
File C:\Users\mikae\AppData\Roaming\Python\Python312\site-packages\django\apps\config.py first seen with mtime 1780981150.8093805
File C:\Users\mikae\AppData\Roaming\Python\Python312\site-packages\django\contrib\admin\checks.py first seen with mtime 1780981150.998765
File C:\Users\mikae\AppData\Roaming\Python\Python312\site-packages\django\utils\numberformat.py first seen with mtime 1780981152.6234417
File C:\Users\mikae\AppData\Roaming\Python\Python312\site-packages\django\db\models\fields\tuple_lookups.py first seen with mtime 1780981152.5277362
File C:\Users\mikae\AppData\Roaming\Python\Python312\site-packages\sqlparse\filters\output.py first seen with mtime 1780981149.1174114
File C:\Python312\Lib\email\quoprimime.py first seen with mtime 1725643874.0
File C:\Users\mikae\AppData\Roaming\Python\Python312\site-packages\django\contrib\admin\helpers.py first seen with mtime 1780981151.0018227
File C:\Python312\Lib\asyncio\proactor_events.py first seen with mtime 1725643874.0
File C:\Users\mikae\AppData\Roaming\Python\Python312\site-packages\django\core\serializers\base.py first seen with mtime 1780981152.4807103
File C:\Users\mikae\AppData\Roaming\Python\Python312\site-packages\sqlparse\engine\grouping.py first seen with mtime 1780981149.1143992
File C:\Users\mikae\AppData\Roaming\Python\Python312\site-packages\django\utils\autoreload.py first seen with mtime 1780981152.6107998
File C:\Python312\Lib\graphlib.py first seen with mtime 1725643874.0
File C:\Python312\Lib\logging\__init__.py first seen with mtime 1725643874.0
File C:\Users\mikae\AppData\Roaming\Python\Python312\site-packages\django\db\models\sql\query.py first seen with mtime 1780981152.5337517
File C:\Python312\Lib\asyncio\locks.py first seen with mtime 1725643874.0
File C:\Users\mikae\AppData\Roaming\Python\Python312\site-packages\django\utils\decorators.py first seen with mtime 1780981152.616817
File C:\Python312\Lib\socketserver.py first seen with mtime 1725643874.0
File C:\Users\mikae\AppData\Roaming\Python\Python312\site-packages\django\core\checks\compatibility\__init__.py first seen with mtime 1780981152.4510548
File C:\Users\mikae\AppData\Roaming\Python\Python312\site-packages\django\template\response.py first seen with mtime 1780981152.5960357
File C:\Users\mikae\AppData\Roaming\Python\Python312\site-packages\django\core\files\storage\handler.py first seen with mtime 1780981152.4576468
File C:\Python312\Lib\contextvars.py first seen with mtime 1725643874.0
File C:\Users\mikae\AppData\Roaming\Python\Python312\site-packages\django\core\files\move.py first seen with mtime 1780981152.4559023
File C:\Users\mikae\AppData\Roaming\Python\Python312\site-packages\django\contrib\staticfiles\management\commands\runserver.py first seen with mtime 1780981152.4392269
File C:\Users\mikae\AppData\Roaming\Python\Python312\site-packages\django\db\migrations\operations\special.py first seen with mtime 1780981152.5154836
File C:\Users\mikae\AppData\Roaming\Python\Python312\site-packages\django\db\models\signals.py first seen with mtime 1780981152.5217197
File C:\Users\mikae\AppData\Roaming\Python\Python312\site-packages\django\contrib\contenttypes\fields.py first seen with mtime 1780981151.5247533
File C:\Users\mikae\AppData\Roaming\Python\Python312\site-packages\django\views\generic\list.py first seen with mtime 1780981152.6356356
File C:\Users\mikae\AppData\Roaming\Python\Python312\site-packages\sqlparse\cli.py first seen with mtime 1780981149.107825
File C:\Python312\Lib\collections\__init__.py first seen with mtime 1725643874.0
File C:\Python312\DLLs\_lzma.pyd first seen with mtime 1725643928.0
File C:\Users\mikae\AppData\Roaming\Python\Python312\site-packages\django\core\serializers\python.py first seen with mtime 1780981152.4817164
File C:\Users\mikae\AppData\Roaming\Python\Python312\site-packages\django\core\checks\database.py first seen with mtime 1780981152.4483008
File C:\Users\mikae\AppData\Roaming\Python\Python312\site-packages\django\contrib\messages\storage\base.py first seen with mtime 1780981152.019535
File C:\Python312\Lib\json\encoder.py first seen with mtime 1725643874.0
File C:\Python312\Lib\ctypes\wintypes.py first seen with mtime 1725643874.0
File C:\Users\mikae\AppData\Roaming\Python\Python312\site-packages\django\contrib\sites\shortcuts.py first seen with mtime 1780981152.3289206
File C:\Python312\Lib\asyncio\format_helpers.py first seen with mtime 1725643874.0
File C:\Users\mikae\AppData\Roaming\Python\Python312\site-packages\django\db\models\functions\datetime.py first seen with mtime 1780981152.5307436
File C:\Users\mikae\AppData\Roaming\Python\Python312\site-packages\django\core\signals.py first seen with mtime 1780981152.442237
File C:\Python312\Lib\asyncio\constants.py first seen with mtime 1725643874.0
File C:\Python312\Lib\selectors.py first seen with mtime 1725643874.0
File C:\Users\mikae\AppData\Roaming\Python\Python312\site-packages\django\utils\copy.py first seen with mtime 1780981152.613808
File C:\Users\mikae\AppData\Roaming\Python\Python312\site-packages\django\core\validators.py first seen with mtime 1780981152.442237
File C:\Users\mikae\AppData\Roaming\Python\Python312\site-packages\django\core\checks\security\sessions.py first seen with mtime 1780981152.4543982
File C:\Python312\Lib\shutil.py first seen with mtime 1725643874.0
File C:\Users\mikae\AppData\Roaming\Python\Python312\site-packages\django\contrib\auth\models.py first seen with mtime 1780981151.4056928
File C:\Python312\Lib\logging\handlers.py first seen with mtime 1725643874.0
File C:\Users\mikae\AppData\Roaming\Python\Python312\site-packages\django\utils\asyncio.py first seen with mtime 1780981152.6107998
File C:\Python312\Lib\dis.py first seen with mtime 1725643874.0
File C:\Users\mikae\AppData\Roaming\Python\Python312\site-packages\django\views\debug.py first seen with mtime 1780981152.6294763
File C:\Users\mikae\AppData\Roaming\Python\Python312\site-packages\django\contrib\messages\utils.py first seen with mtime 1780981152.0175276
File C:\Users\mikae\AppData\Roaming\Python\Python312\site-packages\django\db\backends\__init__.py first seen with mtime 1780981152.4848423
File C:\Users\mikae\AppData\Roaming\Python\Python312\site-packages\django\contrib\staticfiles\utils.py first seen with mtime 1780981152.4360428
File C:\Users\mikae\AppData\Roaming\Python\Python312\site-packages\django\db\models\fields\related_lookups.py first seen with mtime 1780981152.5277362
File C:\Users\mikae\AppData\Roaming\Python\Python312\site-packages\django\template\loaders\cached.py first seen with mtime 1780981152.5990438
File C:\Users\mikae\AppData\Roaming\Python\Python312\site-packages\django\http\__init__.py first seen with mtime 1780981152.5803742
File C:\Users\mikae\AppData\Roaming\Python\Python312\site-packages\django\db\models\fields\reverse_related.py first seen with mtime 1780981152.5277362
File C:\Users\mikae\AppData\Roaming\Python\Python312\site-packages\django\views\static.py first seen with mtime 1780981152.6294763
File C:\Python312\Lib\asyncio\exceptions.py first seen with mtime 1725643874.0
File C:\Users\mikae\AppData\Roaming\Python\Python312\site-packages\django\forms\__init__.py first seen with mtime 1780981152.5367725
File C:\Users\mikae\AppData\Roaming\Python\Python312\site-packages\django\core\wsgi.py first seen with mtime 1780981152.442237
File C:\Users\mikae\AppData\Roaming\Python\Python312\site-packages\django\forms\boundfield.py first seen with mtime 1780981152.5367725
File C:\Users\mikae\AppData\Roaming\Python\Python312\site-packages\django\db\migrations\__init__.py first seen with mtime 1780981152.5091562
File C:\Users\mikae\AppData\Roaming\Python\Python312\site-packages\django\views\decorators\common.py first seen with mtime 1780981152.6324844
File C:\Users\mikae\AppData\Roaming\Python\Python312\site-packages\django\contrib\sessions\middleware.py first seen with mtime 1780981152.2179313
File C:\Python312\Lib\queue.py first seen with mtime 1725643874.0
File C:\Users\mikae\AppData\Roaming\Python\Python312\site-packages\django\middleware\csrf.py first seen with mtime 1780981152.5833807
File C:\Python312\Lib\heapq.py first seen with mtime 1725643874.0
File C:\Users\mikae\AppData\Roaming\Python\Python312\site-packages\django\views\decorators\cache.py first seen with mtime 1780981152.6324844
File C:\the_project_of_all_time\src\config\settings.py first seen with mtime 1787877522.65772
File C:\Users\mikae\AppData\Roaming\Python\Python312\site-packages\django\core\signing.py first seen with mtime 1780981152.442237
File C:\Python312\Lib\encodings\cp1252.py first seen with mtime 1725643874.0
File C:\Python312\Lib\email\mime\base.py first seen with mtime 1725643874.0
File C:\Users\mikae\AppData\Roaming\Python\Python312\site-packages\django\db\models\functions\math.py first seen with mtime 1780981152.5307436
File C:\Users\mikae\AppData\Roaming\Python\Python312\site-packages\django\forms\models.py first seen with mtime 1780981152.539782
File C:\Python312\Lib\_weakrefset.py first seen with mtime 1725643874.0
File C:\Users\mikae\AppData\Roaming\Python\Python312\site-packages\django\core\handlers\asgi.py first seen with mtime 1780981152.4606688
File C:\Python312\Lib\urllib\error.py first seen with mtime 1725643874.0
File C:\Users\mikae\AppData\Roaming\Python\Python312\site-packages\django\core\management\base.py first seen with mtime 1780981152.4666846
File C:\Users\mikae\AppData\Roaming\Python\Python312\site-packages\django\views\generic\dates.py first seen with mtime 1780981152.6356356
File C:\Python312\DLLs\_hashlib.pyd first seen with mtime 1725643928.0
File C:\Users\mikae\AppData\Roaming\Python\Python312\site-packages\django\templatetags\i18n.py first seen with mtime 1780981152.6015506
File C:\Python312\Lib\ctypes\__init__.py first seen with mtime 1725643874.0
File C:\Python312\Lib\hmac.py first seen with mtime 1725643874.0
File C:\Users\mikae\AppData\Roaming\Python\Python312\site-packages\django\db\backends\sqlite3\base.py first seen with mtime 1780981152.506148
File C:\Users\mikae\AppData\Roaming\Python\Python312\site-packages\django\utils\timezone.py first seen with mtime 1780981152.6234417
File C:\Users\mikae\AppData\Roaming\Python\Python312\site-packages\django\core\exceptions.py first seen with mtime 1780981152.442237
File C:\Python312\Lib\asyncio\timeouts.py first seen with mtime 1725643874.0
File C:\Users\mikae\AppData\Roaming\Python\Python312\site-packages\django\utils\version.py first seen with mtime 1780981152.6264682
File C:\Users\mikae\AppData\Roaming\Python\Python312\site-packages\django\db\backends\base\__init__.py first seen with mtime 1780981152.4848423
File C:\Python312\Lib\urllib\parse.py first seen with mtime 1725643874.0
File C:\Users\mikae\AppData\Roaming\Python\Python312\site-packages\django\forms\utils.py first seen with mtime 1780981152.539782
File C:\Users\mikae\AppData\Roaming\Python\Python312\site-packages\django\db\migrations\autodetector.py first seen with mtime 1780981152.5091562
File C:\Users\mikae\AppData\Roaming\Python\Python312\site-packages\django\template\loaders\__init__.py first seen with mtime 1780981152.5990438
File C:\Python312\Lib\asyncio\streams.py first seen with mtime 1725643874.0
File C:\Users\mikae\AppData\Roaming\Python\Python312\site-packages\django\contrib\auth\signals.py first seen with mtime 1780981151.4056928
File C:\Python312\Lib\concurrent\futures\thread.py first seen with mtime 1725643874.0
File C:\Python312\Lib\multiprocessing\reduction.py first seen with mtime 1725643874.0
File C:\Users\mikae\AppData\Roaming\Python\Python312\site-packages\django\contrib\messages\api.py first seen with mtime 1780981152.0145147
File C:\Users\mikae\AppData\Roaming\Python\Python312\site-packages\django\db\backends\base\validation.py first seen with mtime 1780981152.4881015
File C:\Python312\DLLs\_socket.pyd first seen with mtime 1725643928.0
File C:\Python312\Lib\asyncio\events.py first seen with mtime 1725643874.0
File C:\Users\mikae\AppData\Roaming\Python\Python312\site-packages\django\forms\forms.py first seen with mtime 1780981152.539782
File C:\Users\mikae\AppData\Roaming\Python\Python312\site-packages\django\contrib\staticfiles\views.py first seen with mtime 1780981152.4360428
File C:\Users\mikae\AppData\Roaming\Python\Python312\site-packages\django\contrib\admin\apps.py first seen with mtime 1780981150.998765
File C:\Python312\Lib\threading.py first seen with mtime 1725643874.0
File C:\Users\mikae\AppData\Roaming\Python\Python312\site-packages\django\contrib\admin\templatetags\admin_modify.py first seen with mtime 1780981151.2784965
File C:\Users\mikae\AppData\Roaming\Python\Python312\site-packages\django\core\files\temp.py first seen with mtime 1780981152.4576468
File C:\Python312\Lib\sysconfig.py first seen with mtime 1725643874.0
File C:\Users\mikae\AppData\Roaming\Python\Python312\site-packages\django\http\cookie.py first seen with mtime 1780981152.5803742
File C:\Users\mikae\AppData\Roaming\Python\Python312\site-packages\django\core\files\storage\mixins.py first seen with mtime 1780981152.4606688
File C:\Python312\Lib\html\parser.py first seen with mtime 1725643874.0
File C:\Python312\Lib\hashlib.py first seen with mtime 1725643874.0
File C:\Users\mikae\AppData\Roaming\Python\Python312\site-packages\django\utils\termcolors.py first seen with mtime 1780981152.6234417
File C:\Users\mikae\AppData\Roaming\Python\Python312\site-packages\django\core\checks\security\base.py first seen with mtime 1780981152.4543982
File C:\Python312\Lib\http\server.py first seen with mtime 1725643874.0
File C:\Users\mikae\AppData\Roaming\Python\Python312\site-packages\django\db\models\fields\composite.py first seen with mtime 1780981152.5257323
File C:\Python312\Lib\asyncio\runners.py first seen with mtime 1725643874.0
File C:\Users\mikae\AppData\Roaming\Python\Python312\site-packages\django\forms\renderers.py first seen with mtime 1780981152.539782
File C:\Python312\Lib\linecache.py first seen with mtime 1725643874.0
File C:\Python312\Lib\asyncio\trsock.py first seen with mtime 1725643874.0
File C:\Users\mikae\AppData\Roaming\Python\Python312\site-packages\django\http\multipartparser.py first seen with mtime 1780981152.5803742
File C:\Users\mikae\AppData\Roaming\Python\Python312\site-packages\sqlparse\formatter.py first seen with mtime 1780981149.1115808
File C:\Python312\Lib\asyncio\windows_utils.py first seen with mtime 1725643874.0
File C:\Users\mikae\AppData\Roaming\Python\Python312\site-packages\django\contrib\staticfiles\management\commands\__init__.py first seen with mtime 1780981152.4360428
File C:\Users\mikae\AppData\Roaming\Python\Python312\site-packages\django\utils\lorem_ipsum.py first seen with mtime 1780981152.6200614
File C:\Python312\Lib\email\errors.py first seen with mtime 1725643874.0
File C:\Users\mikae\AppData\Roaming\Python\Python312\site-packages\django\core\cache\backends\locmem.py first seen with mtime 1780981152.445282
File C:\Python312\Lib\email\policy.py first seen with mtime 1725643874.0
File C:\Python312\Lib\_markupbase.py first seen with mtime 1725643874.0
File C:\Users\mikae\AppData\Roaming\Python\Python312\site-packages\django\core\handlers\base.py first seen with mtime 1780981152.4606688
File C:\Users\mikae\AppData\Roaming\Python\Python312\site-packages\django\contrib\auth\checks.py first seen with mtime 1780981151.402325
File C:\Users\mikae\AppData\Roaming\Python\Python312\site-packages\django\db\models\functions\comparison.py first seen with mtime 1780981152.5307436
File C:\Python312\Lib\calendar.py first seen with mtime 1725643874.0
File C:\Users\mikae\AppData\Roaming\Python\Python312\site-packages\django\contrib\contenttypes\forms.py first seen with mtime 1780981151.5279605
File C:\Users\mikae\AppData\Roaming\Python\Python312\site-packages\django\contrib\auth\management\__init__.py first seen with mtime 1780981151.5170186
File C:\Python312\Lib\numbers.py first seen with mtime 1725643874.0
File C:\Users\mikae\AppData\Roaming\Python\Python312\site-packages\django\utils\hashable.py first seen with mtime 1780981152.616817
File C:\Users\mikae\AppData\Roaming\Python\Python312\site-packages\django\utils\module_loading.py first seen with mtime 1780981152.6200614
File C:\Users\mikae\AppData\Roaming\Python\Python312\site-packages\django\contrib\sessions\exceptions.py first seen with mtime 1780981152.2179313
File C:\Users\mikae\AppData\Roaming\Python\Python312\site-packages\django\core\checks\security\csrf.py first seen with mtime 1780981152.4543982
File C:\Users\mikae\AppData\Roaming\Python\Python312\site-packages\django\db\backends\sqlite3\creation.py first seen with mtime 1780981152.506148
File C:\Users\mikae\AppData\Roaming\Python\Python312\site-packages\django\core\files\base.py first seen with mtime 1780981152.4559023
File C:\Users\mikae\AppData\Roaming\Python\Python312\site-packages\sqlparse\utils.py first seen with mtime 1780981149.1133935
File C:\Users\mikae\AppData\Roaming\Python\Python312\site-packages\sqlparse\tokens.py first seen with mtime 1780981149.1133935
File C:\the_project_of_all_time\src\pages\__init__.py first seen with mtime 1781057681.1854095
File C:\Users\mikae\AppData\Roaming\Python\Python312\site-packages\django\contrib\contenttypes\models.py first seen with mtime 1780981151.5279605
File C:\Users\mikae\AppData\Roaming\Python\Python312\site-packages\django\db\backends\base\base.py first seen with mtime 1780981152.4848423
File C:\Python312\DLLs\unicodedata.pyd first seen with mtime 1725643928.0
File C:\Users\mikae\AppData\Roaming\Python\Python312\site-packages\django\utils\ipv6.py first seen with mtime 1780981152.6200614
File C:\Python312\Lib\collections\abc.py first seen with mtime 1725643874.0
File C:\the_project_of_all_time\src\pages\apps.py first seen with mtime 1781057681.1834018
File C:\Users\mikae\AppData\Roaming\Python\Python312\site-packages\django\contrib\messages\apps.py first seen with mtime 1780981152.0165222
File C:\Users\mikae\AppData\Roaming\Python\Python312\site-packages\django\contrib\auth\admin.py first seen with mtime 1780981151.3993146
File C:\Users\mikae\AppData\Roaming\Python\Python312\site-packages\django\contrib\sessions\__init__.py first seen with mtime 1780981152.2179313
File C:\Python312\DLLs\_ssl.pyd first seen with mtime 1725643928.0
File C:\Python312\Lib\_compression.py first seen with mtime 1725643874.0
File C:\Users\mikae\AppData\Roaming\Python\Python312\site-packages\django\contrib\admin\widgets.py first seen with mtime 1780981151.0048702
File C:\Python312\Lib\logging\config.py first seen with mtime 1725643874.0
File C:\Users\mikae\AppData\Roaming\Python\Python312\site-packages\django\contrib\sites\requests.py first seen with mtime 1780981152.3289206
File C:\Users\mikae\AppData\Roaming\Python\Python312\site-packages\django\db\backends\base\schema.py first seen with mtime 1780981152.4881015
File C:\Users\mikae\AppData\Roaming\Python\Python312\site-packages\django\db\migrations\questioner.py first seen with mtime 1780981152.5124354
File C:\Users\mikae\AppData\Roaming\Python\Python312\site-packages\django\contrib\staticfiles\handlers.py first seen with mtime 1780981152.4329646
File C:\Users\mikae\AppData\Roaming\Python\Python312\site-packages\django\db\models\query_utils.py first seen with mtime 1780981152.5217197
File C:\Users\mikae\AppData\Roaming\Python\Python312\site-packages\django\utils\dates.py first seen with mtime 1780981152.613808
File C:\Users\mikae\AppData\Roaming\Python\Python312\site-packages\django\contrib\auth\password_validation.py first seen with mtime 1780981151.4056928
File C:\Users\mikae\AppData\Roaming\Python\Python312\site-packages\django\forms\widgets.py first seen with mtime 1780981152.539782
File C:\Users\mikae\AppData\Roaming\Python\Python312\site-packages\django\db\migrations\exceptions.py first seen with mtime 1780981152.5091562
File C:\Python312\Lib\email\_parseaddr.py first seen with mtime 1725643874.0
File C:\Users\mikae\AppData\Roaming\Python\Python312\site-packages\django\template\engine.py first seen with mtime 1780981152.5929966
File C:\Python312\Lib\warnings.py first seen with mtime 1725643874.0
File C:\Users\mikae\AppData\Roaming\Python\Python312\site-packages\django\db\backends\sqlite3\__init__.py first seen with mtime 1780981152.5031266
File C:\Users\mikae\AppData\Roaming\Python\Python312\site-packages\django\urls\conf.py first seen with mtime 1780981152.6077778
File C:\the_project_of_all_time\manage.py first seen with mtime 1781057681.1914442
File C:\Users\mikae\AppData\Roaming\Python\Python312\site-packages\django\contrib\sessions\base_session.py first seen with mtime 1780981152.2179313
File C:\Python312\DLLs\_sqlite3.pyd first seen with mtime 1725643928.0
File C:\Users\mikae\AppData\Roaming\Python\Python312\site-packages\django\contrib\staticfiles\__init__.py first seen with mtime 1780981152.4329646
File C:\Users\mikae\AppData\Roaming\Python\Python312\site-packages\django\db\migrations\operations\models.py first seen with mtime 1780981152.5154836
File C:\Python312\Lib\urllib\request.py first seen with mtime 1725643874.0
File C:\Users\mikae\AppData\Roaming\Python\Python312\site-packages\sqlparse\filters\aligned_indent.py first seen with mtime 1780981149.1164062
File C:\Users\mikae\AppData\Roaming\Python\Python312\site-packages\django\core\checks\commands.py first seen with mtime 1780981152.4483008
File C:\Python312\Lib\difflib.py first seen with mtime 1725643874.0
File C:\Users\mikae\AppData\Roaming\Python\Python312\site-packages\django\shortcuts.py first seen with mtime 1780981150.8073757
File C:\Users\mikae\AppData\Roaming\Python\Python312\site-packages\django\contrib\staticfiles\finders.py first seen with mtime 1780981152.4329646
File C:\Users\mikae\AppData\Roaming\Python\Python312\site-packages\django\views\decorators\debug.py first seen with mtime 1780981152.6324844
File C:\Python312\Lib\pkgutil.py first seen with mtime 1725643874.0
File C:\Python312\Lib\email\__init__.py first seen with mtime 1725643874.0
File C:\Users\mikae\AppData\Roaming\Python\Python312\site-packages\django\template\defaultfilters.py first seen with mtime 1780981152.5929966
File C:\Users\mikae\AppData\Roaming\Python\Python312\site-packages\django\template\loader.py first seen with mtime 1780981152.5929966
File C:\Users\mikae\AppData\Roaming\Python\Python312\site-packages\django\db\backends\sqlite3\introspection.py first seen with mtime 1780981152.506148
File C:\Users\mikae\AppData\Roaming\Python\Python312\site-packages\django\template\loaders\base.py first seen with mtime 1780981152.5990438
File C:\Users\mikae\AppData\Roaming\Python\Python312\site-packages\django\contrib\sites\__init__.py first seen with mtime 1780981152.3256848
File C:\Python312\Lib\asyncio\threads.py first seen with mtime 1725643874.0
File C:\Users\mikae\AppData\Roaming\Python\Python312\site-packages\django\contrib\admin\templatetags\log.py first seen with mtime 1780981151.2784965
File C:\Python312\Lib\importlib\__init__.py first seen with mtime 1725643874.0
File C:\Users\mikae\AppData\Roaming\Python\Python312\site-packages\asgiref\current_thread_executor.py first seen with mtime 1780981149.8517473
File C:\Users\mikae\AppData\Roaming\Python\Python312\site-packages\django\utils\translation\reloader.py first seen with mtime 1780981152.6264682
File C:\Users\mikae\AppData\Roaming\Python\Python312\site-packages\django\core\files\uploadedfile.py first seen with mtime 1780981152.4576468
File C:\Users\mikae\AppData\Roaming\Python\Python312\site-packages\django\__init__.py first seen with mtime 1780981150.8073757
File C:\Users\mikae\AppData\Roaming\Python\Python312\site-packages\django\contrib\admin\filters.py first seen with mtime 1780981151.0018227
File C:\Users\mikae\AppData\Roaming\Python\Python312\site-packages\django\contrib\admin\templatetags\admin_list.py first seen with mtime 1780981151.2769918
File C:\Python312\Lib\token.py first seen with mtime 1725643874.0
File C:\Python312\Lib\decimal.py first seen with mtime 1725643874.0
File C:\Users\mikae\AppData\Roaming\Python\Python312\site-packages\django\core\checks\async_checks.py first seen with mtime 1780981152.4483008
File C:\Users\mikae\AppData\Roaming\Python\Python312\site-packages\django\template\__init__.py first seen with mtime 1780981152.5894866
File C:\Users\mikae\AppData\Roaming\Python\Python312\site-packages\django\template\library.py first seen with mtime 1780981152.5929966
File C:\Users\mikae\AppData\Roaming\Python\Python312\site-packages\sqlparse\engine\statement_splitter.py first seen with mtime 1780981149.1143992
File C:\Users\mikae\AppData\Roaming\Python\Python312\site-packages\django\utils\duration.py first seen with mtime 1780981152.616817
File C:\Users\mikae\AppData\Roaming\Python\Python312\site-packages\django\conf\global_settings.py first seen with mtime 1780981150.8103857
File C:\Users\mikae\AppData\Roaming\Python\Python312\site-packages\django\db\backends\base\operations.py first seen with mtime 1780981152.4881015
File C:\Users\mikae\AppData\Roaming\Python\Python312\site-packages\sqlparse\filters\right_margin.py first seen with mtime 1780981149.1174114
File C:\Users\mikae\AppData\Roaming\Python\Python312\site-packages\django\template\loaders\app_directories.py first seen with mtime 1780981152.5990438
File C:\Users\mikae\AppData\Roaming\Python\Python312\site-packages\django\contrib\contenttypes\management\__init__.py first seen with mtime 1780981151.6440516
File C:\Users\mikae\AppData\Roaming\Python\Python312\site-packages\sqlparse\filters\reindent.py first seen with mtime 1780981149.1174114
File C:\Python312\Lib\asyncio\selector_events.py first seen with mtime 1725643874.0
File C:\Users\mikae\AppData\Roaming\Python\Python312\site-packages\django\utils\translation\trans_real.py first seen with mtime 1780981152.6264682
File C:\Users\mikae\AppData\Roaming\Python\Python312\site-packages\django\contrib\auth\apps.py first seen with mtime 1780981151.4013197
File C:\Users\mikae\AppData\Roaming\Python\Python312\site-packages\django\utils\dateparse.py first seen with mtime 1780981152.613808
File C:\Users\mikae\AppData\Roaming\Python\Python312\site-packages\django\core\checks\urls.py first seen with mtime 1780981152.4510548
File C:\Users\mikae\AppData\Roaming\Python\Python312\site-packages\sqlparse\filters\others.py first seen with mtime 1780981149.1164062
File C:\Python312\Lib\tokenize.py first seen with mtime 1725643874.0
File C:\Python312\Lib\email\_header_value_parser.py first seen with mtime 1725643874.0
File C:\Python312\Lib\email\feedparser.py first seen with mtime 1725643874.0
File C:\Users\mikae\AppData\Roaming\Python\Python312\site-packages\django\contrib\auth\__init__.py first seen with mtime 1780981151.3993146
File C:\Python312\Lib\pickle.py first seen with mtime 1725643874.0
File C:\Users\mikae\AppData\Roaming\Python\Python312\site-packages\django\core\files\storage\memory.py first seen with mtime 1780981152.4606688
File C:\Users\mikae\AppData\Roaming\Python\Python312\site-packages\django\db\backends\signals.py first seen with mtime 1780981152.4848423
File C:\Users\mikae\AppData\Roaming\Python\Python312\site-packages\django\core\management\color.py first seen with mtime 1780981152.468688
File C:\Users\mikae\AppData\Roaming\Python\Python312\site-packages\django\contrib\staticfiles\checks.py first seen with mtime 1780981152.4329646
File C:\Python312\Lib\json\decoder.py first seen with mtime 1725643874.0
File C:\Python312\Lib\json\scanner.py first seen with mtime 1725643874.0
File C:\Users\mikae\AppData\Roaming\Python\Python312\site-packages\django\core\files\storage\__init__.py first seen with mtime 1780981152.4576468
File C:\Python312\Lib\wsgiref\__init__.py first seen with mtime 1725643874.0
File C:\Python312\Lib\encodings\utf_8.py first seen with mtime 1725643874.0
File C:\Users\mikae\AppData\Roaming\Python\Python312\site-packages\django\utils\timesince.py first seen with mtime 1780981152.6234417
File C:\Python312\Lib\email\parser.py first seen with mtime 1725643874.0
File C:\Users\mikae\AppData\Roaming\Python\Python312\site-packages\django\utils\tree.py first seen with mtime 1780981152.6234417
File C:\Python312\Lib\email\charset.py first seen with mtime 1725643874.0
File C:\Python312\Lib\importlib\_abc.py first seen with mtime 1725643874.0
File C:\Users\mikae\AppData\Roaming\Python\Python312\site-packages\django\core\files\images.py first seen with mtime 1780981152.4559023
File C:\Python312\Lib\asyncio\futures.py first seen with mtime 1725643874.0
File C:\Users\mikae\AppData\Roaming\Python\Python312\site-packages\django\contrib\staticfiles\apps.py first seen with mtime 1780981152.4329646
File C:\Users\mikae\AppData\Roaming\Python\Python312\site-packages\django\templatetags\tz.py first seen with mtime 1780981152.6015506
File C:\Users\mikae\AppData\Roaming\Python\Python312\site-packages\django\db\utils.py first seen with mtime 1780981152.4848423
File C:\Python312\Lib\email\generator.py first seen with mtime 1725643874.0
File C:\Python312\Lib\email\header.py first seen with mtime 1725643874.0
File C:\Python312\Lib\asyncio\staggered.py first seen with mtime 1725643874.0
File C:\Users\mikae\AppData\Roaming\Python\Python312\site-packages\django\db\backends\sqlite3\_functions.py first seen with mtime 1780981152.5031266
File C:\Python312\DLLs\_queue.pyd first seen with mtime 1725643928.0
File C:\Python312\Lib\types.py first seen with mtime 1725643874.0
File C:\Users\mikae\AppData\Roaming\Python\Python312\site-packages\django\conf\__init__.py first seen with mtime 1780981150.8103857
File C:\Users\mikae\AppData\Roaming\Python\Python312\site-packages\django\core\handlers\exception.py first seen with mtime 1780981152.4606688
File C:\Python312\Lib\contextlib.py first seen with mtime 1725643874.0
File C:\Python312\Lib\gzip.py first seen with mtime 1725643874.0
File C:\Users\mikae\AppData\Roaming\Python\Python312\site-packages\django\db\__init__.py first seen with mtime 1780981152.4817164
File C:\Python312\Lib\quopri.py first seen with mtime 1725643874.0
File C:\Users\mikae\AppData\Roaming\Python\Python312\site-packages\django\utils\dateformat.py first seen with mtime 1780981152.613808
File C:\Users\mikae\AppData\Roaming\Python\Python312\site-packages\django\db\models\options.py first seen with mtime 1780981152.5217197
File C:\Users\mikae\AppData\Roaming\Python\Python312\site-packages\django\contrib\admin\decorators.py first seen with mtime 1780981150.998765
File C:\Users\mikae\AppData\Roaming\Python\Python312\site-packages\sqlparse\filters\tokens.py first seen with mtime 1780981149.1174114
File C:\Users\mikae\AppData\Roaming\Python\Python312\site-packages\django\core\checks\__init__.py first seen with mtime 1780981152.4483008
File C:\Python312\Lib\functools.py first seen with mtime 1725643874.0
File C:\Python312\Lib\uuid.py first seen with mtime 1725643874.0
File C:\Users\mikae\AppData\Roaming\Python\Python312\site-packages\django\db\models\constraints.py first seen with mtime 1780981152.5185742
File C:\Users\mikae\AppData\Roaming\Python\Python312\site-packages\django\utils\deconstruct.py first seen with mtime 1780981152.613808
File C:\Users\mikae\AppData\Roaming\Python\Python312\site-packages\django\views\generic\edit.py first seen with mtime 1780981152.6356356
File C:\Users\mikae\AppData\Roaming\Python\Python312\site-packages\django\conf\locale\__init__.py first seen with mtime 1780981150.813811
File C:\Python312\Lib\email\base64mime.py first seen with mtime 1725643874.0
File C:\Users\mikae\AppData\Roaming\Python\Python312\site-packages\django\db\models\__init__.py first seen with mtime 1780981152.5154836
File C:\Python312\Lib\locale.py first seen with mtime 1725643874.0
File C:\Users\mikae\AppData\Roaming\Python\Python312\site-packages\django\core\files\storage\base.py first seen with mtime 1780981152.4576468
File C:\Users\mikae\AppData\Roaming\Python\Python312\site-packages\django\contrib\admin\views\__init__.py first seen with mtime 1780981151.2784965
File C:\Users\mikae\AppData\Roaming\Python\Python312\site-packages\django\contrib\messages\storage\__init__.py first seen with mtime 1780981152.0175276
File C:\Users\mikae\AppData\Roaming\Python\Python312\site-packages\django\db\models\fields\related.py first seen with mtime 1780981152.5277362
File C:\Python312\Lib\http\client.py first seen with mtime 1725643874.0
File C:\Python312\Lib\encodings\__init__.py first seen with mtime 1725643874.0
File C:\Python312\Lib\socket.py first seen with mtime 1725643874.0
File C:\Users\mikae\AppData\Roaming\Python\Python312\site-packages\django\utils\log.py first seen with mtime 1780981152.6200614
File C:\Python312\Lib\email\contentmanager.py first seen with mtime 1725643874.0
File C:\Python312\Lib\http\cookies.py first seen with mtime 1725643874.0
File C:\Python312\DLLs\_overlapped.pyd first seen with mtime 1725643928.0
File C:\Python312\Lib\multiprocessing\__init__.py first seen with mtime 1725643874.0
File C:\Users\mikae\AppData\Roaming\Python\Python312\site-packages\django\core\mail\__init__.py first seen with mtime 1780981152.4636765
File C:\Users\mikae\AppData\Roaming\Python\Python312\site-packages\django\db\migrations\optimizer.py first seen with mtime 1780981152.5124354
File C:\Python312\Lib\re\__init__.py first seen with mtime 1725643874.0
File C:\Users\mikae\AppData\Roaming\Python\Python312\site-packages\asgiref\__init__.py first seen with mtime 1780981149.8507416
File C:\Users\mikae\AppData\Roaming\Python\Python312\site-packages\django\db\models\constants.py first seen with mtime 1780981152.5185742
File C:\Users\mikae\AppData\Roaming\Python\Python312\site-packages\django\utils\__init__.py first seen with mtime 1780981152.6107998
File C:\Users\mikae\AppData\Roaming\Python\Python312\site-packages\django\utils\text.py first seen with mtime 1780981152.6234417
File C:\Python312\Lib\argparse.py first seen with mtime 1725643874.0
File C:\the_project_of_all_time\src\pages\views.py first seen with mtime 1787812313.5149598
File C:\Python312\Lib\re\_parser.py first seen with mtime 1725643874.0
File C:\Users\mikae\AppData\Roaming\Python\Python312\site-packages\django\template\backends\base.py first seen with mtime 1780981152.5960357
File C:\Users\mikae\AppData\Roaming\Python\Python312\site-packages\django\template\exceptions.py first seen with mtime 1780981152.5929966
File C:\Users\mikae\AppData\Roaming\Python\Python312\site-packages\django\db\models\expressions.py first seen with mtime 1780981152.5185742
File C:\Python312\Lib\asyncio\log.py first seen with mtime 1725643874.0
File C:\Users\mikae\AppData\Roaming\Python\Python312\site-packages\django\contrib\auth\hashers.py first seen with mtime 1780981151.404188
File C:\Users\mikae\AppData\Roaming\Python\Python312\site-packages\django\db\backends\sqlite3\client.py first seen with mtime 1780981152.506148
File C:\Python312\Lib\asyncio\subprocess.py first seen with mtime 1725643874.0
File C:\Users\mikae\AppData\Roaming\Python\Python312\site-packages\django\template\backends\django.py first seen with mtime 1780981152.5960357
File C:\Python312\Lib\asyncio\base_futures.py first seen with mtime 1725643874.0
File C:\Users\mikae\AppData\Roaming\Python\Python312\site-packages\django\forms\formsets.py first seen with mtime 1780981152.539782
File C:\Users\mikae\AppData\Roaming\Python\Python312\site-packages\django\utils\_os.py first seen with mtime 1780981152.6107998
File C:\Users\mikae\AppData\Roaming\Python\Python312\site-packages\django\middleware\security.py first seen with mtime 1780981152.586388
File C:\Users\mikae\AppData\Roaming\Python\Python312\site-packages\django\db\models\manager.py first seen with mtime 1780981152.5217197
File C:\Users\mikae\AppData\Roaming\Python\Python312\site-packages\django\contrib\messages\constants.py first seen with mtime 1780981152.0165222
File C:\Users\mikae\AppData\Roaming\Python\Python312\site-packages\django\conf\urls\__init__.py first seen with mtime 1780981150.9967608
File C:\Python312\Lib\concurrent\futures\_base.py first seen with mtime 1725643874.0
File C:\Python312\Lib\asyncio\tasks.py first seen with mtime 1725643874.0
File C:\Users\mikae\AppData\Roaming\Python\Python312\site-packages\django\templatetags\l10n.py first seen with mtime 1780981152.6015506
File C:\Users\mikae\AppData\Roaming\Python\Python312\site-packages\django\views\decorators\__init__.py first seen with mtime 1780981152.6294763
File C:\Users\mikae\AppData\Roaming\Python\Python312\site-packages\django\contrib\contenttypes\views.py first seen with mtime 1780981151.5279605
File C:\Python312\Lib\email\mime\message.py first seen with mtime 1725643874.0
File C:\Python312\Lib\email\mime\multipart.py first seen with mtime 1725643874.0
File C:\Users\mikae\AppData\Roaming\Python\Python312\site-packages\django\core\checks\files.py first seen with mtime 1780981152.4483008
File C:\Users\mikae\AppData\Roaming\Python\Python312\site-packages\django\contrib\auth\templatetags\__init__.py first seen with mtime 1780981151.5247533
File C:\Users\mikae\AppData\Roaming\Python\Python312\site-packages\django\db\models\fields\files.py first seen with mtime 1780981152.5257323
File C:\Users\mikae\AppData\Roaming\Python\Python312\site-packages\django\middleware\__init__.py first seen with mtime 1780981152.5823781
File C:\Python312\Lib\platform.py first seen with mtime 1725643874.0
File C:\Users\mikae\AppData\Roaming\Python\Python312\site-packages\django\apps\registry.py first seen with mtime 1780981150.8093805
File C:\the_project_of_all_time\src\config\urls.py first seen with mtime 1781057681.189435
File C:\Python312\Lib\asyncio\protocols.py first seen with mtime 1725643874.0
File C:\Users\mikae\AppData\Roaming\Python\Python312\site-packages\django\core\checks\security\__init__.py first seen with mtime 1780981152.4510548
File C:\Users\mikae\AppData\Roaming\Python\Python312\site-packages\django\core\handlers\__init__.py first seen with mtime 1780981152.4606688
File C:\Users\mikae\AppData\Roaming\Python\Python312\site-packages\django\urls\resolvers.py first seen with mtime 1780981152.6077778
File C:\Python312\Lib\asyncio\__init__.py first seen with mtime 1725643874.0
File C:\Users\mikae\AppData\Roaming\Python\Python312\site-packages\django\contrib\contenttypes\apps.py first seen with mtime 1780981151.5247533
File C:\Users\mikae\AppData\Roaming\Python\Python312\site-packages\django\utils\deprecation.py first seen with mtime 1780981152.616817
File C:\Users\mikae\AppData\Roaming\Python\Python312\site-packages\django\contrib\auth\middleware.py first seen with mtime 1780981151.404188
File C:\Python312\Lib\email\message.py first seen with mtime 1725643874.0
File C:\Users\mikae\AppData\Roaming\Python\Python312\site-packages\django\middleware\clickjacking.py first seen with mtime 1780981152.5833807
File C:\Users\mikae\AppData\Roaming\Python\Python312\site-packages\django\core\checks\messages.py first seen with mtime 1780981152.4510548
File C:\Users\mikae\AppData\Roaming\Python\Python312\site-packages\django\forms\fields.py first seen with mtime 1780981152.539782
File C:\Python312\Lib\pathlib.py first seen with mtime 1725643874.0
File C:\Users\mikae\AppData\Roaming\Python\Python312\site-packages\django\db\models\functions\json.py first seen with mtime 1780981152.5307436
File C:\Users\mikae\AppData\Roaming\Python\Python312\site-packages\django\template\loaders\filesystem.py first seen with mtime 1780981152.5990438
File C:\Users\mikae\AppData\Roaming\Python\Python312\site-packages\django\template\backends\__init__.py first seen with mtime 1780981152.5960357
File C:\Python312\Lib\gettext.py first seen with mtime 1725643874.0
File C:\Python312\Lib\ipaddress.py first seen with mtime 1725643874.0
File C:\Python312\Lib\asyncio\taskgroups.py first seen with mtime 1725643874.0
File C:\Users\mikae\AppData\Roaming\Python\Python312\site-packages\django\http\request.py first seen with mtime 1780981152.5803742
File C:\Python312\Lib\asyncio\sslproto.py first seen with mtime 1725643874.0
File C:\Users\mikae\AppData\Roaming\Python\Python312\site-packages\django\db\models\functions\mixins.py first seen with mtime 1780981152.5307436
File C:\Users\mikae\AppData\Roaming\Python\Python312\site-packages\django\db\models\sql\constants.py first seen with mtime 1780981152.5337517
File C:\Users\mikae\AppData\Roaming\Python\Python312\site-packages\sqlparse\exceptions.py first seen with mtime 1780981149.111076
File C:\Python312\Lib\base64.py first seen with mtime 1725643874.0
File C:\Python312\Lib\concurrent\__init__.py first seen with mtime 1725643874.0
File C:\Users\mikae\AppData\Roaming\Python\Python312\site-packages\django\core\cache\backends\filebased.py first seen with mtime 1780981152.445282
File C:\Users\mikae\AppData\Roaming\Python\Python312\site-packages\django\utils\functional.py first seen with mtime 1780981152.616817
File C:\Users\mikae\AppData\Roaming\Python\Python312\site-packages\django\utils\crypto.py first seen with mtime 1780981152.613808
File C:\Python312\Lib\zoneinfo\_common.py first seen with mtime 1725643874.0
File C:\Python312\Lib\ctypes\_endian.py first seen with mtime 1725643874.0
File C:\Users\mikae\AppData\Roaming\Python\Python312\site-packages\django\core\checks\compatibility\django_4_0.py first seen with mtime 1780981152.4510548
File C:\Python312\Lib\http\__init__.py first seen with mtime 1725643874.0
File C:\Users\mikae\AppData\Roaming\Python\Python312\site-packages\django\core\checks\caches.py first seen with mtime 1780981152.4483008
File C:\Users\mikae\AppData\Roaming\Python\Python312\site-packages\sqlparse\keywords.py first seen with mtime 1780981149.1115808
File C:\Users\mikae\AppData\Roaming\Python\Python312\site-packages\django\utils\connection.py first seen with mtime 1780981152.6107998
File C:\Users\mikae\AppData\Roaming\Python\Python312\site-packages\django\urls\exceptions.py first seen with mtime 1780981152.6077778
File C:\Users\mikae\AppData\Roaming\Python\Python312\site-packages\django\template\utils.py first seen with mtime 1780981152.5960357
File C:\Users\mikae\AppData\Roaming\Python\Python312\site-packages\django\core\__init__.py first seen with mtime 1780981152.4392269
File C:\Users\mikae\AppData\Roaming\Python\Python312\site-packages\django\core\mail\utils.py first seen with mtime 1780981152.4636765
File C:\Users\mikae\AppData\Roaming\Python\Python312\site-packages\django\db\backends\base\creation.py first seen with mtime 1780981152.4881015
File C:\Python312\Lib\re\_compiler.py first seen with mtime 1725643874.0
File C:\Python312\DLLs\_wmi.pyd first seen with mtime 1725643928.0
File C:\Users\mikae\AppData\Roaming\Python\Python312\site-packages\django\views\i18n.py first seen with mtime 1780981152.6294763
File C:\Python312\Lib\signal.py first seen with mtime 1725643874.0
File C:\Python312\Lib\asyncio\base_tasks.py first seen with mtime 1725643874.0
File C:\Users\mikae\AppData\Roaming\Python\Python312\site-packages\django\middleware\common.py first seen with mtime 1780981152.5833807
File C:\Users\mikae\AppData\Roaming\Python\Python312\site-packages\django\contrib\sessions\models.py first seen with mtime 1780981152.2209537
File C:\Python312\Lib\operator.py first seen with mtime 1725643874.0
File C:\Users\mikae\AppData\Roaming\Python\Python312\site-packages\django\db\backends\utils.py first seen with mtime 1780981152.4848423
File C:\Python312\Lib\email\_encoded_words.py first seen with mtime 1725643874.0
File C:\Python312\Lib\wsgiref\simple_server.py first seen with mtime 1725643874.0
File C:\Python312\Lib\sqlite3\__init__.py first seen with mtime 1725643874.0
File C:\Users\mikae\AppData\Roaming\Python\Python312\site-packages\django\db\backends\base\client.py first seen with mtime 1780981152.4881015
File C:\Users\mikae\AppData\Roaming\Python\Python312\site-packages\django\db\migrations\operations\fields.py first seen with mtime 1780981152.5154836
File C:\Users\mikae\AppData\Roaming\Python\Python312\site-packages\django\db\models\fields\related_descriptors.py first seen with mtime 1780981152.5277362
File C:\Python312\Lib\re\_constants.py first seen with mtime 1725643874.0
File C:\Users\mikae\AppData\Roaming\Python\Python312\site-packages\django\db\backends\sqlite3\operations.py first seen with mtime 1780981152.506148
File C:\Users\mikae\AppData\Roaming\Python\Python312\site-packages\django\utils\datastructures.py first seen with mtime 1780981152.613808
File C:\Users\mikae\AppData\Roaming\Python\Python312\site-packages\django\db\migrations\operations\base.py first seen with mtime 1780981152.5154836
File C:\Python312\Lib\inspect.py first seen with mtime 1725643874.0
File C:\Users\mikae\AppData\Roaming\Python\Python312\site-packages\django\urls\utils.py first seen with mtime 1780981152.6077778
File C:\Python312\DLLs\_bz2.pyd first seen with mtime 1725643928.0
File C:\Python312\Lib\email\_policybase.py first seen with mtime 1725643874.0
File C:\Users\mikae\AppData\Roaming\Python\Python312\site-packages\sqlparse\lexer.py first seen with mtime 1780981149.1115808
File C:\Users\mikae\AppData\Roaming\Python\Python312\site-packages\django\core\checks\model_checks.py first seen with mtime 1780981152.4510548
File C:\Python312\Lib\traceback.py first seen with mtime 1725643874.0
File C:\Users\mikae\AppData\Roaming\Python\Python312\site-packages\django\db\models\aggregates.py first seen with mtime 1780981152.5154836
File C:\Python312\Lib\fractions.py first seen with mtime 1725643874.0
File C:\Users\mikae\AppData\Roaming\Python\Python312\site-packages\django\core\files\__init__.py first seen with mtime 1780981152.4543982
File C:\Users\mikae\AppData\Roaming\Python\Python312\site-packages\django\db\models\sql\datastructures.py first seen with mtime 1780981152.5337517
File C:\Python312\Lib\zoneinfo\__init__.py first seen with mtime 1725643874.0
File C:\Users\mikae\AppData\Roaming\Python\Python312\site-packages\django\core\files\locks.py first seen with mtime 1780981152.4559023
File C:\Python312\Lib\datetime.py first seen with mtime 1725643874.0
File C:\Users\mikae\AppData\Roaming\Python\Python312\site-packages\django\contrib\sessions\apps.py first seen with mtime 1780981152.2179313
File C:\Users\mikae\AppData\Roaming\Python\Python312\site-packages\django\contrib\auth\forms.py first seen with mtime 1780981151.404188
File C:\Python312\DLLs\_ctypes.pyd first seen with mtime 1725643928.0
File C:\Python312\Lib\pprint.py first seen with mtime 1725643874.0
File C:\Python312\Lib\zoneinfo\_tzpath.py first seen with mtime 1725643874.0
File C:\Python312\Lib\email\iterators.py first seen with mtime 1725643874.0
File C:\Python312\Lib\struct.py first seen with mtime 1725643874.0
File C:\Users\mikae\AppData\Roaming\Python\Python312\site-packages\django\db\models\base.py first seen with mtime 1780981152.5185742
File C:\Users\mikae\AppData\Roaming\Python\Python312\site-packages\django\db\models\functions\window.py first seen with mtime 1780981152.5337517
File C:\Python312\Lib\ast.py first seen with mtime 1725643874.0
File C:\Users\mikae\AppData\Roaming\Python\Python312\site-packages\django\urls\base.py first seen with mtime 1780981152.6077778
File C:\Users\mikae\AppData\Roaming\Python\Python312\site-packages\django\db\models\fields\proxy.py first seen with mtime 1780981152.5277362
File C:\Users\mikae\AppData\Roaming\Python\Python312\site-packages\django\core\servers\__init__.py first seen with mtime 1780981152.4817164
File C:\Users\mikae\AppData\Roaming\Python\Python312\site-packages\django\core\cache\backends\__init__.py first seen with mtime 1780981152.445282
File C:\Python312\Lib\email\utils.py first seen with mtime 1725643874.0
File C:\Python312\Lib\wsgiref\util.py first seen with mtime 1725643874.0
File C:\Python312\Lib\email\mime\nonmultipart.py first seen with mtime 1725643874.0
File C:\Users\mikae\AppData\Roaming\Python\Python312\site-packages\django\template\loader_tags.py first seen with mtime 1780981152.5929966
File C:\Python312\Lib\asyncio\base_subprocess.py first seen with mtime 1725643874.0
File C:\Python312\DLLs\_asyncio.pyd first seen with mtime 1725643928.0
File C:\Users\mikae\AppData\Roaming\Python\Python312\site-packages\django\dispatch\__init__.py first seen with mtime 1780981152.5367725
File C:\Users\mikae\AppData\Roaming\Python\Python312\site-packages\django\contrib\auth\decorators.py first seen with mtime 1780981151.402325
File C:\Users\mikae\AppData\Roaming\Python\Python312\site-packages\django\db\migrations\migration.py first seen with mtime 1780981152.5091562
File C:\Users\mikae\AppData\Roaming\Python\Python312\site-packages\django\core\files\storage\filesystem.py first seen with mtime 1780981152.4576468
File C:\Users\mikae\AppData\Roaming\Python\Python312\site-packages\django\contrib\admin\templatetags\base.py first seen with mtime 1780981151.2784965
File C:\Users\mikae\AppData\Roaming\Python\Python312\site-packages\django\db\models\indexes.py first seen with mtime 1780981152.5185742
File C:\Users\mikae\AppData\Roaming\Python\Python312\site-packages\django\contrib\admin\views\decorators.py first seen with mtime 1780981151.2806194
File C:\Users\mikae\AppData\Roaming\Python\Python312\site-packages\django\templatetags\__init__.py first seen with mtime 1780981152.6015506
File C:\Python312\Lib\keyword.py first seen with mtime 1725643874.0
File C:\Users\mikae\AppData\Roaming\Python\Python312\site-packages\django\utils\safestring.py first seen with mtime 1780981152.6234417
File C:\Users\mikae\AppData\Roaming\Python\Python312\site-packages\sqlparse\filters\__init__.py first seen with mtime 1780981149.1143992
File C:\Users\mikae\AppData\Roaming\Python\Python312\site-packages\django\utils\formats.py first seen with mtime 1780981152.616817
File C:\Users\mikae\AppData\Roaming\Python\Python312\site-packages\django\contrib\admin\options.py first seen with mtime 1780981151.0018227
File C:\Users\mikae\AppData\Roaming\Python\Python312\site-packages\django\utils\html.py first seen with mtime 1780981152.6200614
File C:\Python312\Lib\dataclasses.py first seen with mtime 1725643874.0
File C:\Users\mikae\AppData\Roaming\Python\Python312\site-packages\django\db\migrations\utils.py first seen with mtime 1780981152.5124354
File C:\Python312\Lib\ssl.py first seen with mtime 1725643874.0
File C:\Python312\Lib\sqlite3\dbapi2.py first seen with mtime 1725643874.0
File C:\Python312\DLLs\_zoneinfo.pyd first seen with mtime 1725643928.0
File C:\Python312\Lib\copyreg.py first seen with mtime 1725643874.0
File C:\Python312\Lib\multiprocessing\context.py first seen with mtime 1725643874.0
File C:\Users\mikae\AppData\Roaming\Python\Python312\site-packages\sqlparse\engine\__init__.py first seen with mtime 1780981149.1143992
File C:\Users\mikae\AppData\Roaming\Python\Python312\site-packages\django\template\autoreload.py first seen with mtime 1780981152.5894866
File C:\Python312\Lib\asyncio\coroutines.py first seen with mtime 1725643874.0
File C:\Users\mikae\AppData\Roaming\Python\Python312\site-packages\django\core\cache\utils.py first seen with mtime 1780981152.445282
File C:\Users\mikae\AppData\Roaming\Python\Python312\site-packages\django\contrib\auth\views.py first seen with mtime 1780981151.4076982
File C:\Users\mikae\AppData\Roaming\Python\Python312\site-packages\django\core\management\commands\runserver.py first seen with mtime 1780981152.4757018
File C:\Users\mikae\AppData\Roaming\Python\Python312\site-packages\django\middleware\cache.py first seen with mtime 1780981152.5823781
File C:\Python312\Lib\bisect.py first seen with mtime 1725643874.0
File C:\Users\mikae\AppData\Roaming\Python\Python312\site-packages\django\db\models\fields\json.py first seen with mtime 1780981152.5257323
File C:\Python312\Lib\_compat_pickle.py first seen with mtime 1725643874.0
File C:\Users\mikae\AppData\Roaming\Python\Python312\site-packages\django\db\models\fields\__init__.py first seen with mtime 1780981152.5247278
File C:\Users\mikae\AppData\Roaming\Python\Python312\site-packages\django\utils\translation\__init__.py first seen with mtime 1780981152.6264682
File C:\Users\mikae\AppData\Roaming\Python\Python312\site-packages\django\core\checks\templates.py first seen with mtime 1780981152.4510548
File C:\Users\mikae\AppData\Roaming\Python\Python312\site-packages\django\views\decorators\csp.py first seen with mtime 1780981152.6324844
File C:\the_project_of_all_time\src\__init__.py first seen with mtime 1781057681.189435
File C:\Python312\Lib\email\mime\__init__.py first seen with mtime 1725643874.0
File C:\Users\mikae\AppData\Roaming\Python\Python312\site-packages\django\db\models\fields\mixins.py first seen with mtime 1780981152.5277362
File C:\the_project_of_all_time\src\pages\urls.py first seen with mtime 1781057681.1834018
File C:\Python312\Lib\string.py first seen with mtime 1725643874.0
File C:\Users\mikae\AppData\Roaming\Python\Python312\site-packages\django\dispatch\dispatcher.py first seen with mtime 1780981152.5367725
File C:\Python312\Lib\urllib\response.py first seen with mtime 1725643874.0
File C:\Users\mikae\AppData\Roaming\Python\Python312\site-packages\django\db\models\functions\text.py first seen with mtime 1780981152.5307436
File C:\Python312\Lib\email\encoders.py first seen with mtime 1725643874.0
File C:\Python312\Lib\asyncio\windows_events.py first seen with mtime 1725643874.0
File C:\Users\mikae\AppData\Roaming\Python\Python312\site-packages\django\contrib\auth\backends.py first seen with mtime 1780981151.4013197
File C:\Python312\Lib\urllib\__init__.py first seen with mtime 1725643874.0
File C:\Users\mikae\AppData\Roaming\Python\Python312\site-packages\django\db\migrations\state.py first seen with mtime 1780981152.5124354
File C:\Users\mikae\AppData\Roaming\Python\Python312\site-packages\django\core\mail\message.py first seen with mtime 1780981152.4636765
File C:\Users\mikae\AppData\Roaming\Python\Python312\site-packages\django\contrib\__init__.py first seen with mtime 1780981150.998765
File C:\Users\mikae\AppData\Roaming\Python\Python312\site-packages\django\db\models\query.py first seen with mtime 1780981152.5217197
File C:\Users\mikae\AppData\Roaming\Python\Python312\site-packages\django\db\models\functions\__init__.py first seen with mtime 1780981152.5307436
File C:\Python312\Lib\getpass.py first seen with mtime 1725643874.0
File C:\Python312\Lib\multiprocessing\process.py first seen with mtime 1725643874.0
File C:\Users\mikae\AppData\Roaming\Python\Python312\site-packages\django\contrib\auth\tokens.py first seen with mtime 1780981151.4056928
File C:\Users\mikae\AppData\Roaming\Python\Python312\site-packages\django\contrib\auth\templatetags\auth.py first seen with mtime 1780981151.5247533
File C:\Python312\DLLs\_decimal.pyd first seen with mtime 1725643928.0
File C:\Users\mikae\AppData\Roaming\Python\Python312\site-packages\django\core\management\commands\makemigrations.py first seen with mtime 1780981152.4746995
File C:\Users\mikae\AppData\Roaming\Python\Python312\site-packages\asgiref\local.py first seen with mtime 1780981149.8517473
File C:\Users\mikae\AppData\Roaming\Python\Python312\site-packages\django\core\management\commands\__init__.py first seen with mtime 1780981152.4696906
File C:\Python312\Lib\asyncio\queues.py first seen with mtime 1725643874.0
File C:\Python312\Lib\asyncio\mixins.py first seen with mtime 1725643874.0
File C:\Users\mikae\AppData\Roaming\Python\Python312\site-packages\django\core\management\utils.py first seen with mtime 1780981152.4696906
File C:\Users\mikae\AppData\Roaming\Python\Python312\site-packages\django\utils\choices.py first seen with mtime 1780981152.6107998
File C:\Python312\Lib\asyncio\transports.py first seen with mtime 1725643874.0
File C:\Python312\Lib\bz2.py first seen with mtime 1725643874.0
File C:\Users\mikae\AppData\Roaming\Python\Python312\site-packages\django\template\defaulttags.py first seen with mtime 1780981152.5929966
File C:\Python312\Lib\html\entities.py first seen with mtime 1725643874.0
File C:\Users\mikae\AppData\Roaming\Python\Python312\site-packages\django\utils\inspect.py first seen with mtime 1780981152.6200614
File C:\Users\mikae\AppData\Roaming\Python\Python312\site-packages\django\templatetags\static.py first seen with mtime 1780981152.6015506
File C:\Users\mikae\AppData\Roaming\Python\Python312\site-packages\django\core\files\uploadhandler.py first seen with mtime 1780981152.4576468
File C:\Users\mikae\AppData\Roaming\Python\Python312\site-packages\django\utils\encoding.py first seen with mtime 1780981152.616817
File C:\Users\mikae\AppData\Roaming\Python\Python312\site-packages\sqlparse\engine\filter_stack.py first seen with mtime 1780981149.1143992
File C:\Users\mikae\AppData\Roaming\Python\Python312\site-packages\django\contrib\sessions\backends\base.py first seen with mtime 1780981152.2224586
File C:\Python312\Lib\encodings\aliases.py first seen with mtime 1725643874.0
File C:\Users\mikae\AppData\Roaming\Python\Python312\site-packages\django\core\servers\basehttp.py first seen with mtime 1780981152.4817164
File C:\Users\mikae\AppData\Roaming\Python\Python312\site-packages\django\db\backends\base\features.py first seen with mtime 1780981152.4881015
File C:\Users\mikae\AppData\Roaming\Python\Python312\site-packages\django\urls\__init__.py first seen with mtime 1780981152.6077778
File C:\Python312\Lib\copy.py first seen with mtime 1725643874.0
File C:\Users\mikae\AppData\Roaming\Python\Python312\site-packages\django\db\models\sql\subqueries.py first seen with mtime 1780981152.5367725
File C:\Python312\Lib\reprlib.py first seen with mtime 1725643874.0
File C:\Users\mikae\AppData\Roaming\Python\Python312\site-packages\django\db\migrations\operations\__init__.py first seen with mtime 1780981152.5154836
File C:\Users\mikae\AppData\Roaming\Python\Python312\site-packages\django\template\smartif.py first seen with mtime 1780981152.5960357
File C:\Users\mikae\AppData\Roaming\Python\Python312\site-packages\django\core\files\utils.py first seen with mtime 1780981152.4576468
File C:\Users\mikae\AppData\Roaming\Python\Python312\site-packages\django\contrib\admin\models.py first seen with mtime 1780981151.0018227
File C:\Python312\DLLs\_uuid.pyd first seen with mtime 1725643928.0
File C:\Users\mikae\AppData\Roaming\Python\Python312\site-packages\django\db\models\fields\generated.py first seen with mtime 1780981152.5257323
File C:\Python312\Lib\secrets.py first seen with mtime 1725643874.0
File C:\Users\mikae\AppData\Roaming\Python\Python312\site-packages\django\template\base.py first seen with mtime 1780981152.5894866
File C:\Users\mikae\AppData\Roaming\Python\Python312\site-packages\django\contrib\contenttypes\admin.py first seen with mtime 1780981151.5247533
File C:\Users\mikae\AppData\Roaming\Python\Python312\site-packages\django\urls\converters.py first seen with mtime 1780981152.6077778
File C:\Users\mikae\AppData\Roaming\Python\Python312\site-packages\django\views\generic\base.py first seen with mtime 1780981152.6356356
File C:\Python312\Lib\mimetypes.py first seen with mtime 1725643874.0
File C:\Users\mikae\AppData\Roaming\Python\Python312\site-packages\django\db\transaction.py first seen with mtime 1780981152.4848423
File C:\Users\mikae\AppData\Roaming\Python\Python312\site-packages\django\views\generic\detail.py first seen with mtime 1780981152.6356356
File C:\Users\mikae\AppData\Roaming\Python\Python312\site-packages\django\utils\regex_helper.py first seen with mtime 1780981152.6234417
File C:\Python312\Lib\wsgiref\headers.py first seen with mtime 1725643874.0
File C:\Python312\Lib\weakref.py first seen with mtime 1725643874.0
File C:\Users\mikae\AppData\Roaming\Python\Python312\site-packages\django\db\backends\base\introspection.py first seen with mtime 1780981152.4881015
File C:\Users\mikae\AppData\Roaming\Python\Python312\site-packages\django\contrib\admin\exceptions.py first seen with mtime 1780981150.998765
File C:\Users\mikae\AppData\Roaming\Python\Python312\site-packages\django\core\checks\translation.py first seen with mtime 1780981152.4510548
File C:\Users\mikae\AppData\Roaming\Python\Python312\site-packages\django\db\models\sql\where.py first seen with mtime 1780981152.5367725
File C:\Users\mikae\AppData\Roaming\Python\Python312\site-packages\django\http\response.py first seen with mtime 1780981152.5823781
File C:\the_project_of_all_time\src\pages\models.py first seen with mtime 1781057681.1834018
File C:\Users\mikae\AppData\Roaming\Python\Python312\site-packages\django\contrib\admin\__init__.py first seen with mtime 1780981150.998765
File C:\Users\mikae\AppData\Roaming\Python\Python312\site-packages\django\views\__init__.py first seen with mtime 1780981152.6294763
File C:\Users\mikae\AppData\Roaming\Python\Python312\site-packages\django\templatetags\cache.py first seen with mtime 1780981152.6015506
File C:\Python312\Lib\nturl2path.py first seen with mtime 1725643874.0
File C:\Users\mikae\AppData\Roaming\Python\Python312\site-packages\django\db\models\enums.py first seen with mtime 1780981152.5185742
File C:\Users\mikae\AppData\Roaming\Python\Python312\site-packages\django\db\models\deletion.py first seen with mtime 1780981152.5185742
File C:\Users\mikae\AppData\Roaming\Python\Python312\site-packages\django\core\serializers\json.py first seen with mtime 1780981152.4817164
File C:\Users\mikae\AppData\Roaming\Python\Python312\site-packages\django\core\paginator.py first seen with mtime 1780981152.442237
File C:\Users\mikae\AppData\Roaming\Python\Python312\site-packages\django\contrib\auth\validators.py first seen with mtime 1780981151.4076982
File C:\Users\mikae\AppData\Roaming\Python\Python312\site-packages\django\contrib\sessions\backends\__init__.py first seen with mtime 1780981152.2209537
File C:\Python312\Lib\html\__init__.py first seen with mtime 1725643874.0
File C:\Python312\Lib\lzma.py first seen with mtime 1725643874.0
File C:\Python312\Lib\email\headerregistry.py first seen with mtime 1725643874.0
File C:\Python312\Lib\enum.py first seen with mtime 1725643874.0
File C:\Users\mikae\AppData\Roaming\Python\Python312\site-packages\django\contrib\admin\actions.py first seen with mtime 1780981150.998765
File C:\Users\mikae\AppData\Roaming\Python\Python312\site-packages\django\core\handlers\wsgi.py first seen with mtime 1780981152.4606688
File C:\Users\mikae\AppData\Roaming\Python\Python312\site-packages\django\utils\http.py first seen with mtime 1780981152.6200614
File C:\Python312\Lib\statistics.py first seen with mtime 1725643874.0
File C:\Users\mikae\AppData\Roaming\Python\Python312\site-packages\django\contrib\staticfiles\management\__init__.py first seen with mtime 1780981152.4360428
File C:\Users\mikae\AppData\Roaming\Python\Python312\site-packages\django\contrib\messages\__init__.py first seen with mtime 1780981152.0145147
File C:\Users\mikae\AppData\Roaming\Python\Python312\site-packages\django\contrib\admin\views\autocomplete.py first seen with mtime 1780981151.2784965
File C:\the_project_of_all_time\src\config\__init__.py first seen with mtime 1781057681.189435
File C:\Users\mikae\AppData\Roaming\Python\Python312\site-packages\django\core\serializers\__init__.py first seen with mtime 1780981152.4807103
File C:\Python312\Lib\re\_casefix.py first seen with mtime 1725643874.0
File C:\Users\mikae\AppData\Roaming\Python\Python312\site-packages\sqlparse\__init__.py first seen with mtime 1780981149.107825
File C:\the_project_of_all_time\src\pages\admin.py first seen with mtime 1787728117.2167835
File C:\Python312\Lib\wsgiref\handlers.py first seen with mtime 1725643874.0
File C:\Users\mikae\AppData\Roaming\Python\Python312\site-packages\django\db\backends\sqlite3\features.py first seen with mtime 1780981152.506148
File C:\Python312\Lib\asyncio\base_events.py first seen with mtime 1725643874.0
File C:\Python312\Lib\concurrent\futures\__init__.py first seen with mtime 1725643874.0
File C:\Users\mikae\AppData\Roaming\Python\Python312\site-packages\django\views\decorators\csrf.py first seen with mtime 1780981152.6324844
File C:\Users\mikae\AppData\Roaming\Python\Python312\site-packages\django\contrib\admin\sites.py first seen with mtime 1780981151.0018227
File C:\Users\mikae\AppData\Roaming\Python\Python312\site-packages\django\contrib\contenttypes\checks.py first seen with mtime 1780981151.5247533
File C:\Users\mikae\AppData\Roaming\Python\Python312\site-packages\django\views\generic\__init__.py first seen with mtime 1780981152.6356356
File C:\Users\mikae\AppData\Roaming\Python\Python312\site-packages\django\db\models\lookups.py first seen with mtime 1780981152.5217197
File C:\Users\mikae\AppData\Roaming\Python\Python312\site-packages\django\db\models\sql\__init__.py first seen with mtime 1780981152.5337517
File C:\the_project_of_all_time\src\pages\templates\admin first seen with mtime 1787725132.0499969
File C:\the_project_of_all_time\src\pages\templates\pages first seen with mtime 1787720258.4728608
File C:\the_project_of_all_time\src\pages\templates\admin\thebankler.html first seen with mtime 1787726270.2914162
File C:\the_project_of_all_time\src\pages\templates\pages\index.html first seen with mtime 1787812299.7065005
File C:\the_project_of_all_time\src\pages\templates\pages\login.html first seen with mtime 1787735472.21283
File C:\Users\mikae\AppData\Roaming\Python\Python312\site-packages\django\contrib\auth\migrations\0005_alter_user_last_login_null.py first seen with mtime 1780981151.5180237
File C:\the_project_of_all_time\src\pages\migrations\0001_initial.py first seen with mtime 1781057681.1854095
File C:\Users\mikae\AppData\Roaming\Python\Python312\site-packages\django\contrib\contenttypes\migrations\0002_remove_content_type_name.py first seen with mtime 1780981151.645057
File C:\Users\mikae\AppData\Roaming\Python\Python312\site-packages\django\db\migrations\serializer.py first seen with mtime 1780981152.5124354
File C:\Users\mikae\AppData\Roaming\Python\Python312\site-packages\django\contrib\auth\migrations\0010_alter_group_name_max_length.py first seen with mtime 1780981151.5214088
File C:\Users\mikae\AppData\Roaming\Python\Python312\site-packages\django\core\management\sql.py first seen with mtime 1780981152.468688
File C:\Users\mikae\AppData\Roaming\Python\Python312\site-packages\django\views\csrf.py first seen with mtime 1780981152.6294763
File C:\Users\mikae\AppData\Roaming\Python\Python312\site-packages\django\db\migrations\recorder.py first seen with mtime 1780981152.5124354
File C:\Users\mikae\AppData\Roaming\Python\Python312\site-packages\django\db\models\sql\compiler.py first seen with mtime 1780981152.5337517
File C:\Python312\Lib\stringprep.py first seen with mtime 1725643874.0
File C:\Users\mikae\AppData\Roaming\Python\Python312\site-packages\django\contrib\contenttypes\migrations\__init__.py first seen with mtime 1780981151.645057
File C:\Users\mikae\AppData\Roaming\Python\Python312\site-packages\django\contrib\sessions\backends\db.py first seen with mtime 1780981152.2224586
File C:\Python312\Lib\encodings\idna.py first seen with mtime 1725643874.0
File C:\Users\mikae\AppData\Roaming\Python\Python312\site-packages\django\contrib\auth\migrations\0001_initial.py first seen with mtime 1780981151.5180237
File C:\Users\mikae\AppData\Roaming\Python\Python312\site-packages\django\db\migrations\executor.py first seen with mtime 1780981152.5091562
File C:\Users\mikae\AppData\Roaming\Python\Python312\site-packages\django\contrib\auth\migrations\__init__.py first seen with mtime 1780981151.5214088
File C:\Users\mikae\AppData\Roaming\Python\Python312\site-packages\django\contrib\auth\migrations\0009_alter_user_last_name_max_length.py first seen with mtime 1780981151.5214088
File C:\Users\mikae\AppData\Roaming\Python\Python312\site-packages\django\contrib\auth\migrations\0004_alter_user_username_opts.py first seen with mtime 1780981151.5180237
File C:\Users\mikae\AppData\Roaming\Python\Python312\site-packages\django\contrib\contenttypes\migrations\0001_initial.py first seen with mtime 1780981151.645057
File C:\the_project_of_all_time\src\config\wsgi.py first seen with mtime 1781057681.189435
File C:\Users\mikae\AppData\Roaming\Python\Python312\site-packages\django\contrib\auth\migrations\0002_alter_permission_name_max_length.py first seen with mtime 1780981151.5180237
File C:\Users\mikae\AppData\Roaming\Python\Python312\site-packages\django\contrib\auth\migrations\0012_alter_user_first_name_max_length.py first seen with mtime 1780981151.5214088
File C:\Users\mikae\AppData\Roaming\Python\Python312\site-packages\django\core\management\commands\migrate.py first seen with mtime 1780981152.4746995
File C:\Users\mikae\AppData\Roaming\Python\Python312\site-packages\django\contrib\admin\migrations\__init__.py first seen with mtime 1780981151.2000387
File C:\Users\mikae\AppData\Roaming\Python\Python312\site-packages\django\contrib\sessions\migrations\__init__.py first seen with mtime 1780981152.3256848
File C:\Users\mikae\AppData\Roaming\Python\Python312\site-packages\django\contrib\auth\migrations\0003_alter_user_email_max_length.py first seen with mtime 1780981151.5180237
File C:\Users\mikae\AppData\Roaming\Python\Python312\site-packages\django\db\migrations\writer.py first seen with mtime 1780981152.5124354
File C:\Users\mikae\AppData\Roaming\Python\Python312\site-packages\django\contrib\sessions\migrations\0001_initial.py first seen with mtime 1780981152.3256848
File C:\Users\mikae\AppData\Roaming\Python\Python312\site-packages\django\contrib\admin\migrations\0001_initial.py first seen with mtime 1780981151.2000387
File C:\Users\mikae\AppData\Roaming\Python\Python312\site-packages\django\contrib\auth\migrations\0007_alter_validators_add_error_messages.py first seen with mtime 1780981151.5180237
File C:\Users\mikae\AppData\Roaming\Python\Python312\site-packages\django\contrib\auth\migrations\0011_update_proxy_permissions.py first seen with mtime 1780981151.5214088
File C:\the_project_of_all_time\src\pages\migrations\__init__.py first seen with mtime 1781057681.1854095
File C:\Users\mikae\AppData\Roaming\Python\Python312\site-packages\django\contrib\admin\migrations\0002_logentry_remove_auto_add.py first seen with mtime 1780981151.2000387
File C:\Users\mikae\AppData\Roaming\Python\Python312\site-packages\django\contrib\auth\migrations\0006_require_contenttypes_0002.py first seen with mtime 1780981151.5180237
File C:\Users\mikae\AppData\Roaming\Python\Python312\site-packages\django\contrib\auth\migrations\0008_alter_user_username_max_length.py first seen with mtime 1780981151.5214088
File C:\Users\mikae\AppData\Roaming\Python\Python312\site-packages\django\db\migrations\loader.py first seen with mtime 1780981152.5091562
File C:\Users\mikae\AppData\Roaming\Python\Python312\site-packages\django\contrib\admin\migrations\0003_logentry_add_action_flag_choices.py first seen with mtime 1780981151.2000387
File C:\Users\mikae\AppData\Roaming\Python\Python312\site-packages\django\db\migrations\graph.py first seen with mtime 1780981152.5091562
"GET /login/?next=/ HTTP/1.1" 200 695
File C:\Python312\Lib\encodings\unicode_escape.py first seen with mtime 1725643874.0
File C:\Users\mikae\AppData\Roaming\Python\Python312\site-packages\django\contrib\sessions\serializers.py first seen with mtime 1780981152.2209537
File C:\Users\mikae\AppData\Roaming\Python\Python312\site-packages\django\contrib\messages\storage\fallback.py first seen with mtime 1780981152.0205405
File C:\Users\mikae\AppData\Roaming\Python\Python312\site-packages\django\contrib\staticfiles\storage.py first seen with mtime 1780981152.4360428
File C:\Users\mikae\AppData\Roaming\Python\Python312\site-packages\django\template\context_processors.py first seen with mtime 1780981152.5894866
File C:\Users\mikae\AppData\Roaming\Python\Python312\site-packages\django\middleware\csp.py first seen with mtime 1780981152.5833807
File C:\Users\mikae\AppData\Roaming\Python\Python312\site-packages\django\contrib\messages\storage\cookie.py first seen with mtime 1780981152.019535
File C:\Users\mikae\AppData\Roaming\Python\Python312\site-packages\django\contrib\auth\context_processors.py first seen with mtime 1780981151.402325
File C:\Users\mikae\AppData\Roaming\Python\Python312\site-packages\django\contrib\messages\context_processors.py first seen with mtime 1780981152.0165222
File C:\Users\mikae\AppData\Roaming\Python\Python312\site-packages\django\contrib\messages\storage\session.py first seen with mtime 1780981152.0205405
File C:\Users\mikae\AppData\Roaming\Python\Python312\site-packages\django\utils\csp.py first seen with mtime 1780981152.613808
(0.000) SELECT "auth_user"."id", "auth_user"."password", "auth_user"."last_login", "auth_user"."is_superuser", "auth_user"."username", "auth_user"."first_name", "auth_user"."last_name", "auth_user"."email", "auth_user"."is_staff", "auth_user"."is_active", "auth_user"."date_joined" FROM "auth_user" WHERE "auth_user"."username" = 'bob' LIMIT 21; args=('bob',); alias=default
(0.000) SELECT 1 AS "a" FROM "django_session" WHERE "django_session"."session_key" = 's8vrr1gn25mxmveuc12twerduw3gv4pn' LIMIT 1; args=(1, 's8vrr1gn25mxmveuc12twerduw3gv4pn'); alias=default
(0.000) BEGIN; args=None; alias=default
(0.016) INSERT INTO "django_session" ("session_key", "session_data", "expire_date") VALUES ('s8vrr1gn25mxmveuc12twerduw3gv4pn', 'e30:1wzkcW:gMeG8SnxwqXC2HW1ehxwT7sDRMwp5T20BJBNUJ_TnpA', '2026-09-11 00:39:00.675048'); args=('s8vrr1gn25mxmveuc12twerduw3gv4pn', 'e30:1wzkcW:gMeG8SnxwqXC2HW1ehxwT7sDRMwp5T20BJBNUJ_TnpA', '2026-09-11 00:39:00.675048'); alias=default
(0.000) COMMIT; args=None; alias=default
(0.016) UPDATE "auth_user" SET "last_login" = '2026-08-28 00:39:00.686895' WHERE "auth_user"."id" = 2; args=('2026-08-28 00:39:00.686895', 2); alias=default
(0.000) BEGIN; args=None; alias=default
(0.000) UPDATE "django_session" SET "session_data" = '.eJxVjDsOwjAQBe_iGlnyrj-7lPScIXK8Ng4gW8qnQtwdIqWA9s3Me6khbmsdtiXPwyTqrECdfrcxpkduO5B7bLeuU2_rPI16V_RBF33tkp-Xw_07qHGp3zoVdCyCxQAFsAzoTQS2HsX4RA4Lg_UgEMlyYEchMXlCDy4RZlLvD7GHNic:1wzkcW:Dz8N_MKlG0BorQdM29O0TUTQ4IqgFhUDl276W3nIrh8', "expire_date" = '2026-09-11 00:39:00.693399' WHERE "django_session"."session_key" = 's8vrr1gn25mxmveuc12twerduw3gv4pn'; args=('.eJxVjDsOwjAQBe_iGlnyrj-7lPScIXK8Ng4gW8qnQtwdIqWA9s3Me6khbmsdtiXPwyTqrECdfrcxpkduO5B7bLeuU2_rPI16V_RBF33tkp-Xw_07qHGp3zoVdCyCxQAFsAzoTQS2HsX4RA4Lg_UgEMlyYEchMXlCDy4RZlLvD7GHNic:1wzkcW:Dz8N_MKlG0BorQdM29O0TUTQ4IqgFhUDl276W3nIrh8', '2026-09-11 00:39:00.693399', 's8vrr1gn25mxmveuc12twerduw3gv4pn'); alias=default
(0.000) COMMIT; args=None; alias=default
"POST /login/?next=/ HTTP/1.1" 302 0
(0.000) SELECT "django_session"."session_key", "django_session"."session_data", "django_session"."expire_date" FROM "django_session" WHERE ("django_session"."expire_date" > '2026-08-28 00:39:00.705615' AND "django_session"."session_key" = 's8vrr1gn25mxmveuc12twerduw3gv4pn') LIMIT 21; args=('2026-08-28 00:39:00.705615', 's8vrr1gn25mxmveuc12twerduw3gv4pn'); alias=default
(0.000) SELECT "auth_user"."id", "auth_user"."password", "auth_user"."last_login", "auth_user"."is_superuser", "auth_user"."username", "auth_user"."first_name", "auth_user"."last_name", "auth_user"."email", "auth_user"."is_staff", "auth_user"."is_active", "auth_user"."date_joined" FROM "auth_user" WHERE "auth_user"."id" = 2 LIMIT 21; args=(2,); alias=default
(0.000) SELECT "pages_account"."id", "pages_account"."user_id", "pages_account"."balance" FROM "pages_account" WHERE "pages_account"."user_id" = 2 LIMIT 21; args=(2,); alias=default
(0.000) SELECT "pages_account"."id", "pages_account"."user_id", "pages_account"."balance" FROM "pages_account" WHERE NOT ("pages_account"."user_id" = 2); args=(2,); alias=default
(0.000) SELECT "auth_user"."id", "auth_user"."password", "auth_user"."last_login", "auth_user"."is_superuser", "auth_user"."username", "auth_user"."first_name", "auth_user"."last_name", "auth_user"."email", "auth_user"."is_staff", "auth_user"."is_active", "auth_user"."date_joined" FROM "auth_user" WHERE "auth_user"."id" = 3 LIMIT 21; args=(3,); alias=default
(0.000) SELECT "auth_user"."id", "auth_user"."password", "auth_user"."last_login", "auth_user"."is_superuser", "auth_user"."username", "auth_user"."first_name", "auth_user"."last_name", "auth_user"."email", "auth_user"."is_staff", "auth_user"."is_active", "auth_user"."date_joined" FROM "auth_user" WHERE "auth_user"."id" = 4 LIMIT 21; args=(4,); alias=default
"GET / HTTP/1.1" 200 1611
File C:\Users\mikae\AppData\Roaming\Python\Python312\site-packages\django\conf\locale\en\__init__.py first seen with mtime 1780981150.846172
File C:\Users\mikae\AppData\Roaming\Python\Python312\site-packages\django\conf\locale\en\formats.py first seen with mtime 1780981150.8466773
(0.000) SELECT "django_session"."session_key", "django_session"."session_data", "django_session"."expire_date" FROM "django_session" WHERE ("django_session"."expire_date" > '2026-08-28 00:39:05.891116' AND "django_session"."session_key" = 's8vrr1gn25mxmveuc12twerduw3gv4pn') LIMIT 21; args=('2026-08-28 00:39:05.891116', 's8vrr1gn25mxmveuc12twerduw3gv4pn'); alias=default
(0.000) SELECT "auth_user"."id", "auth_user"."password", "auth_user"."last_login", "auth_user"."is_superuser", "auth_user"."username", "auth_user"."first_name", "auth_user"."last_name", "auth_user"."email", "auth_user"."is_staff", "auth_user"."is_active", "auth_user"."date_joined" FROM "auth_user" WHERE "auth_user"."id" = 2 LIMIT 21; args=(2,); alias=default
(0.000) SELECT "auth_user"."id", "auth_user"."password", "auth_user"."last_login", "auth_user"."is_superuser", "auth_user"."username", "auth_user"."first_name", "auth_user"."last_name", "auth_user"."email", "auth_user"."is_staff", "auth_user"."is_active", "auth_user"."date_joined" FROM "auth_user" WHERE "auth_user"."username" = 'alice' LIMIT 21; args=('alice',); alias=default
(0.000) SELECT "pages_account"."id", "pages_account"."user_id", "pages_account"."balance" FROM "pages_account" WHERE "pages_account"."user_id" = 2 LIMIT 21; args=(2,); alias=default
(0.000) SELECT "pages_account"."id", "pages_account"."user_id", "pages_account"."balance" FROM "pages_account" WHERE "pages_account"."user_id" = 3 LIMIT 21; args=(3,); alias=default
(0.000) BEGIN; args=None; alias=default
(0.000) UPDATE "pages_account" SET "user_id" = 2, "balance" = 96193025 WHERE "pages_account"."id" = 1; args=(2, 96193025, 1); alias=default
(0.000) UPDATE "pages_account" SET "user_id" = 3, "balance" = 20370 WHERE "pages_account"."id" = 2; args=(3, 20370, 2); alias=default
(0.016) COMMIT; args=None; alias=default
(0.000) BEGIN; args=None; alias=default
(0.000) UPDATE "django_session" SET "session_data" = '.eJxVjMEOgyAQRP-Fc0N0F3Dx2Hu_wayA1dZCInhq-u_FxEN7nJk37y0G3ss87Dlsw-JFL0BcfruR3TPEY_APjvckXYplW0Z5IPJcs7wlH9bryf4JZs5zfbsJtfUepxaoA2UBTctglUHfGkcaJwvKgAcmZTurqXOWDKEB7QgDVWlJ1cPr4kIN_Ep7LKJXTdN8vtFtPfg:1wzkcb:3qiBd8W2U78g8nTnGmhH6IBc7K0cH37M1IeVO1_D5DU', "expire_date" = '2026-09-11 00:39:05.901300' WHERE "django_session"."session_key" = 's8vrr1gn25mxmveuc12twerduw3gv4pn'; args=('.eJxVjMEOgyAQRP-Fc0N0F3Dx2Hu_wayA1dZCInhq-u_FxEN7nJk37y0G3ss87Dlsw-JFL0BcfruR3TPEY_APjvckXYplW0Z5IPJcs7wlH9bryf4JZs5zfbsJtfUepxaoA2UBTctglUHfGkcaJwvKgAcmZTurqXOWDKEB7QgDVWlJ1cPr4kIN_Ep7LKJXTdN8vtFtPfg:1wzkcb:3qiBd8W2U78g8nTnGmhH6IBc7K0cH37M1IeVO1_D5DU', '2026-09-11 00:39:05.901300', 's8vrr1gn25mxmveuc12twerduw3gv4pn'); alias=default
(0.000) COMMIT; args=None; alias=default
"GET /transfer/?to=alice&amount=4000 HTTP/1.1" 302 0
(0.000) SELECT "django_session"."session_key", "django_session"."session_data", "django_session"."expire_date" FROM "django_session" WHERE ("django_session"."expire_date" > '2026-08-28 00:39:05.910503' AND "django_session"."session_key" = 's8vrr1gn25mxmveuc12twerduw3gv4pn') LIMIT 21; args=('2026-08-28 00:39:05.910503', 's8vrr1gn25mxmveuc12twerduw3gv4pn'); alias=default
(0.000) SELECT "auth_user"."id", "auth_user"."password", "auth_user"."last_login", "auth_user"."is_superuser", "auth_user"."username", "auth_user"."first_name", "auth_user"."last_name", "auth_user"."email", "auth_user"."is_staff", "auth_user"."is_active", "auth_user"."date_joined" FROM "auth_user" WHERE "auth_user"."id" = 2 LIMIT 21; args=(2,); alias=default
(0.000) SELECT "pages_account"."id", "pages_account"."user_id", "pages_account"."balance" FROM "pages_account" WHERE "pages_account"."user_id" = 2 LIMIT 21; args=(2,); alias=default
(0.000) SELECT "pages_account"."id", "pages_account"."user_id", "pages_account"."balance" FROM "pages_account" WHERE NOT ("pages_account"."user_id" = 2); args=(2,); alias=default
(0.000) SELECT "auth_user"."id", "auth_user"."password", "auth_user"."last_login", "auth_user"."is_superuser", "auth_user"."username", "auth_user"."first_name", "auth_user"."last_name", "auth_user"."email", "auth_user"."is_staff", "auth_user"."is_active", "auth_user"."date_joined" FROM "auth_user" WHERE "auth_user"."id" = 3 LIMIT 21; args=(3,); alias=default
(0.000) SELECT "auth_user"."id", "auth_user"."password", "auth_user"."last_login", "auth_user"."is_superuser", "auth_user"."username", "auth_user"."first_name", "auth_user"."last_name", "auth_user"."email", "auth_user"."is_staff", "auth_user"."is_active", "auth_user"."date_joined" FROM "auth_user" WHERE "auth_user"."id" = 4 LIMIT 21; args=(4,); alias=default
"GET / HTTP/1.1" 200 1611
(0.000) SELECT "django_session"."session_key", "django_session"."session_data", "django_session"."expire_date" FROM "django_session" WHERE ("django_session"."expire_date" > '2026-08-28 00:39:08.368650' AND "django_session"."session_key" = 's8vrr1gn25mxmveuc12twerduw3gv4pn') LIMIT 21; args=('2026-08-28 00:39:08.368650', 's8vrr1gn25mxmveuc12twerduw3gv4pn'); alias=default
(0.000) SELECT "auth_user"."id", "auth_user"."password", "auth_user"."last_login", "auth_user"."is_superuser", "auth_user"."username", "auth_user"."first_name", "auth_user"."last_name", "auth_user"."email", "auth_user"."is_staff", "auth_user"."is_active", "auth_user"."date_joined" FROM "auth_user" WHERE "auth_user"."id" = 2 LIMIT 21; args=(2,); alias=default
(0.000) SELECT "pages_account"."id", "pages_account"."user_id", "pages_account"."balance" FROM "pages_account" WHERE "pages_account"."user_id" = 2 LIMIT 21; args=(2,); alias=default
(0.000) SELECT "pages_account"."id", "pages_account"."user_id", "pages_account"."balance" FROM "pages_account" WHERE NOT ("pages_account"."user_id" = 2); args=(2,); alias=default
(0.000) SELECT "auth_user"."id", "auth_user"."password", "auth_user"."last_login", "auth_user"."is_superuser", "auth_user"."username", "auth_user"."first_name", "auth_user"."last_name", "auth_user"."email", "auth_user"."is_staff", "auth_user"."is_active", "auth_user"."date_joined" FROM "auth_user" WHERE "auth_user"."id" = 3 LIMIT 21; args=(3,); alias=default
(0.000) SELECT "auth_user"."id", "auth_user"."password", "auth_user"."last_login", "auth_user"."is_superuser", "auth_user"."username", "auth_user"."first_name", "auth_user"."last_name", "auth_user"."email", "auth_user"."is_staff", "auth_user"."is_active", "auth_user"."date_joined" FROM "auth_user" WHERE "auth_user"."id" = 4 LIMIT 21; args=(4,); alias=default
"GET / HTTP/1.1" 200 1611
(0.000) SELECT "django_session"."session_key", "django_session"."session_data", "django_session"."expire_date" FROM "django_session" WHERE ("django_session"."expire_date" > '2026-08-28 00:39:13.013813' AND "django_session"."session_key" = 's8vrr1gn25mxmveuc12twerduw3gv4pn') LIMIT 21; args=('2026-08-28 00:39:13.013813', 's8vrr1gn25mxmveuc12twerduw3gv4pn'); alias=default
(0.000) SELECT "auth_user"."id", "auth_user"."password", "auth_user"."last_login", "auth_user"."is_superuser", "auth_user"."username", "auth_user"."first_name", "auth_user"."last_name", "auth_user"."email", "auth_user"."is_staff", "auth_user"."is_active", "auth_user"."date_joined" FROM "auth_user" WHERE "auth_user"."id" = 2 LIMIT 21; args=(2,); alias=default
(0.000) SELECT "django_session"."session_key", "django_session"."session_data", "django_session"."expire_date" FROM "django_session" WHERE "django_session"."session_key" = 's8vrr1gn25mxmveuc12twerduw3gv4pn' LIMIT 21; args=('s8vrr1gn25mxmveuc12twerduw3gv4pn',); alias=default
(0.016) DELETE FROM "django_session" WHERE "django_session"."session_key" IN ('s8vrr1gn25mxmveuc12twerduw3gv4pn'); args=('s8vrr1gn25mxmveuc12twerduw3gv4pn',); alias=default
"POST /logout/ HTTP/1.1" 302 0
"GET / HTTP/1.1" 302 0
"GET /login/?next=/ HTTP/1.1" 200 695
Watching for file changes with StatReloader
Waiting for apps ready_event.
Apps ready_event triggered. Sending autoreload_started signal.
Watching dir C:\the_project_of_all_time\src\pages\templates with glob **/*.
Watching dir C:\the_project_of_all_time\locale with glob **/*.mo.
Watching dir C:\the_project_of_all_time\src\pages\locale with glob **/*.mo.
(0.000) 
            SELECT name, type FROM sqlite_master
            WHERE type in ('table', 'view') AND NOT name='sqlite_sequence'
            ORDER BY name; args=None; alias=default
(0.000) SELECT "django_migrations"."id", "django_migrations"."app", "django_migrations"."name", "django_migrations"."applied" FROM "django_migrations"; args=(); alias=default
File C:\Users\mikae\AppData\Roaming\Python\Python312\site-packages\django\utils\dates.py first seen with mtime 1780981152.613808
File C:\Python312\Lib\wsgiref\__init__.py first seen with mtime 1725643874.0
File C:\Python312\Lib\contextlib.py first seen with mtime 1725643874.0
File C:\Users\mikae\AppData\Roaming\Python\Python312\site-packages\django\utils\functional.py first seen with mtime 1780981152.616817
File C:\Users\mikae\AppData\Roaming\Python\Python312\site-packages\django\utils\tree.py first seen with mtime 1780981152.6234417
File C:\Python312\Lib\email\encoders.py first seen with mtime 1725643874.0
File C:\Python312\Lib\email\quoprimime.py first seen with mtime 1725643874.0
File C:\Users\mikae\AppData\Roaming\Python\Python312\site-packages\django\contrib\admin\views\decorators.py first seen with mtime 1780981151.2806194
File C:\Users\mikae\AppData\Roaming\Python\Python312\site-packages\django\utils\decorators.py first seen with mtime 1780981152.616817
File C:\Users\mikae\AppData\Roaming\Python\Python312\site-packages\django\contrib\admin\options.py first seen with mtime 1780981151.0018227
File C:\Python312\Lib\textwrap.py first seen with mtime 1725643874.0
File C:\Users\mikae\AppData\Roaming\Python\Python312\site-packages\django\utils\version.py first seen with mtime 1780981152.6264682
File C:\Users\mikae\AppData\Roaming\Python\Python312\site-packages\django\template\loaders\filesystem.py first seen with mtime 1780981152.5990438
File C:\Users\mikae\AppData\Roaming\Python\Python312\site-packages\django\utils\text.py first seen with mtime 1780981152.6234417
File C:\Users\mikae\AppData\Roaming\Python\Python312\site-packages\django\contrib\auth\signals.py first seen with mtime 1780981151.4056928
File C:\Python312\Lib\calendar.py first seen with mtime 1725643874.0
File C:\Users\mikae\AppData\Roaming\Python\Python312\site-packages\django\contrib\staticfiles\finders.py first seen with mtime 1780981152.4329646
File C:\Users\mikae\AppData\Roaming\Python\Python312\site-packages\django\core\checks\commands.py first seen with mtime 1780981152.4483008
File C:\Users\mikae\AppData\Roaming\Python\Python312\site-packages\django\db\backends\sqlite3\operations.py first seen with mtime 1780981152.506148
File C:\Users\mikae\AppData\Roaming\Python\Python312\site-packages\django\db\models\sql\subqueries.py first seen with mtime 1780981152.5367725
File C:\Users\mikae\AppData\Roaming\Python\Python312\site-packages\django\db\models\aggregates.py first seen with mtime 1780981152.5154836
File C:\Users\mikae\AppData\Roaming\Python\Python312\site-packages\django\http\request.py first seen with mtime 1780981152.5803742
File C:\Users\mikae\AppData\Roaming\Python\Python312\site-packages\django\contrib\admin\utils.py first seen with mtime 1780981151.0048702
File C:\Python312\Lib\weakref.py first seen with mtime 1725643874.0
File C:\Users\mikae\AppData\Roaming\Python\Python312\site-packages\django\contrib\staticfiles\management\__init__.py first seen with mtime 1780981152.4360428
File C:\Users\mikae\AppData\Roaming\Python\Python312\site-packages\django\db\migrations\loader.py first seen with mtime 1780981152.5091562
File C:\Python312\Lib\multiprocessing\context.py first seen with mtime 1725643874.0
File C:\Users\mikae\AppData\Roaming\Python\Python312\site-packages\django\views\generic\detail.py first seen with mtime 1780981152.6356356
File C:\Python312\DLLs\_overlapped.pyd first seen with mtime 1725643928.0
File C:\Users\mikae\AppData\Roaming\Python\Python312\site-packages\django\db\backends\utils.py first seen with mtime 1780981152.4848423
File C:\Python312\Lib\urllib\__init__.py first seen with mtime 1725643874.0
File C:\Python312\Lib\ast.py first seen with mtime 1725643874.0
File C:\Users\mikae\AppData\Roaming\Python\Python312\site-packages\django\db\backends\base\__init__.py first seen with mtime 1780981152.4848423
File C:\Users\mikae\AppData\Roaming\Python\Python312\site-packages\django\utils\dateparse.py first seen with mtime 1780981152.613808
File C:\Users\mikae\AppData\Roaming\Python\Python312\site-packages\django\views\decorators\csrf.py first seen with mtime 1780981152.6324844
File C:\Users\mikae\AppData\Roaming\Python\Python312\site-packages\asgiref\__init__.py first seen with mtime 1780981149.8507416
File C:\Users\mikae\AppData\Roaming\Python\Python312\site-packages\django\utils\copy.py first seen with mtime 1780981152.613808
File C:\Users\mikae\AppData\Roaming\Python\Python312\site-packages\django\utils\datastructures.py first seen with mtime 1780981152.613808
File C:\Users\mikae\AppData\Roaming\Python\Python312\site-packages\django\contrib\contenttypes\admin.py first seen with mtime 1780981151.5247533
File C:\Users\mikae\AppData\Roaming\Python\Python312\site-packages\django\db\models\fields\tuple_lookups.py first seen with mtime 1780981152.5277362
File C:\Users\mikae\AppData\Roaming\Python\Python312\site-packages\django\utils\module_loading.py first seen with mtime 1780981152.6200614
File C:\Python312\Lib\email\base64mime.py first seen with mtime 1725643874.0
File C:\Python312\Lib\ssl.py first seen with mtime 1725643874.0
File C:\the_project_of_all_time\src\config\urls.py first seen with mtime 1781057681.189435
File C:\Python312\Lib\getpass.py first seen with mtime 1725643874.0
File C:\Python312\Lib\typing.py first seen with mtime 1725643874.0
File C:\Python312\Lib\gettext.py first seen with mtime 1725643874.0
File C:\Users\mikae\AppData\Roaming\Python\Python312\site-packages\django\db\backends\base\base.py first seen with mtime 1780981152.4848423
File C:\Users\mikae\AppData\Roaming\Python\Python312\site-packages\django\urls\converters.py first seen with mtime 1780981152.6077778
File C:\Users\mikae\AppData\Roaming\Python\Python312\site-packages\django\utils\regex_helper.py first seen with mtime 1780981152.6234417
File C:\Users\mikae\AppData\Roaming\Python\Python312\site-packages\django\db\models\functions\__init__.py first seen with mtime 1780981152.5307436
File C:\Python312\Lib\enum.py first seen with mtime 1725643874.0
File C:\Users\mikae\AppData\Roaming\Python\Python312\site-packages\sqlparse\filters\others.py first seen with mtime 1780981149.1164062
File C:\Users\mikae\AppData\Roaming\Python\Python312\site-packages\django\core\handlers\asgi.py first seen with mtime 1780981152.4606688
File C:\Users\mikae\AppData\Roaming\Python\Python312\site-packages\sqlparse\utils.py first seen with mtime 1780981149.1133935
File C:\Python312\Lib\sysconfig.py first seen with mtime 1725643874.0
File C:\Users\mikae\AppData\Roaming\Python\Python312\site-packages\django\core\checks\translation.py first seen with mtime 1780981152.4510548
File C:\Users\mikae\AppData\Roaming\Python\Python312\site-packages\django\core\files\storage\handler.py first seen with mtime 1780981152.4576468
File C:\Users\mikae\AppData\Roaming\Python\Python312\site-packages\django\core\files\storage\filesystem.py first seen with mtime 1780981152.4576468
File C:\Users\mikae\AppData\Roaming\Python\Python312\site-packages\django\utils\crypto.py first seen with mtime 1780981152.613808
File C:\Python312\Lib\sqlite3\dbapi2.py first seen with mtime 1725643874.0
File C:\Python312\Lib\urllib\parse.py first seen with mtime 1725643874.0
File C:\Users\mikae\AppData\Roaming\Python\Python312\site-packages\django\http\__init__.py first seen with mtime 1780981152.5803742
File C:\Python312\Lib\bisect.py first seen with mtime 1725643874.0
File C:\Python312\DLLs\_uuid.pyd first seen with mtime 1725643928.0
File C:\Users\mikae\AppData\Roaming\Python\Python312\site-packages\django\contrib\contenttypes\forms.py first seen with mtime 1780981151.5279605
File C:\Users\mikae\AppData\Roaming\Python\Python312\site-packages\django\core\cache\backends\locmem.py first seen with mtime 1780981152.445282
File C:\Users\mikae\AppData\Roaming\Python\Python312\site-packages\django\contrib\auth\management\__init__.py first seen with mtime 1780981151.5170186
File C:\Python312\Lib\wsgiref\headers.py first seen with mtime 1725643874.0
File C:\Users\mikae\AppData\Roaming\Python\Python312\site-packages\sqlparse\filters\output.py first seen with mtime 1780981149.1174114
File C:\Users\mikae\AppData\Roaming\Python\Python312\site-packages\django\core\cache\utils.py first seen with mtime 1780981152.445282
File C:\Users\mikae\AppData\Roaming\Python\Python312\site-packages\django\contrib\admin\views\autocomplete.py first seen with mtime 1780981151.2784965
File C:\Users\mikae\AppData\Roaming\Python\Python312\site-packages\django\utils\translation\trans_real.py first seen with mtime 1780981152.6264682
File C:\Python312\Lib\base64.py first seen with mtime 1725643874.0
File C:\Users\mikae\AppData\Roaming\Python\Python312\site-packages\django\views\generic\__init__.py first seen with mtime 1780981152.6356356
File C:\Users\mikae\AppData\Roaming\Python\Python312\site-packages\django\db\backends\sqlite3\features.py first seen with mtime 1780981152.506148
File C:\Users\mikae\AppData\Roaming\Python\Python312\site-packages\django\utils\inspect.py first seen with mtime 1780981152.6200614
File C:\Users\mikae\AppData\Roaming\Python\Python312\site-packages\django\core\checks\__init__.py first seen with mtime 1780981152.4483008
File C:\Python312\Lib\opcode.py first seen with mtime 1725643874.0
File C:\Python312\Lib\difflib.py first seen with mtime 1725643874.0
File C:\Users\mikae\AppData\Roaming\Python\Python312\site-packages\django\db\models\sql\query.py first seen with mtime 1780981152.5337517
File C:\Python312\Lib\asyncio\locks.py first seen with mtime 1725643874.0
File C:\Users\mikae\AppData\Roaming\Python\Python312\site-packages\django\templatetags\__init__.py first seen with mtime 1780981152.6015506
File C:\Python312\Lib\asyncio\constants.py first seen with mtime 1725643874.0
File C:\Users\mikae\AppData\Roaming\Python\Python312\site-packages\django\contrib\messages\constants.py first seen with mtime 1780981152.0165222
File C:\Users\mikae\AppData\Roaming\Python\Python312\site-packages\django\contrib\admin\models.py first seen with mtime 1780981151.0018227
File C:\Users\mikae\AppData\Roaming\Python\Python312\site-packages\django\template\context.py first seen with mtime 1780981152.5894866
File C:\Python312\Lib\secrets.py first seen with mtime 1725643874.0
File C:\Users\mikae\AppData\Roaming\Python\Python312\site-packages\django\contrib\messages\storage\base.py first seen with mtime 1780981152.019535
File C:\Users\mikae\AppData\Roaming\Python\Python312\site-packages\django\template\defaulttags.py first seen with mtime 1780981152.5929966
File C:\Users\mikae\AppData\Roaming\Python\Python312\site-packages\django\urls\conf.py first seen with mtime 1780981152.6077778
File C:\Users\mikae\AppData\Roaming\Python\Python312\site-packages\sqlparse\filters\right_margin.py first seen with mtime 1780981149.1174114
File C:\Users\mikae\AppData\Roaming\Python\Python312\site-packages\django\core\handlers\wsgi.py first seen with mtime 1780981152.4606688
File C:\Python312\Lib\_compat_pickle.py first seen with mtime 1725643874.0
File C:\Users\mikae\AppData\Roaming\Python\Python312\site-packages\django\utils\__init__.py first seen with mtime 1780981152.6107998
File C:\Users\mikae\AppData\Roaming\Python\Python312\site-packages\django\contrib\admin\helpers.py first seen with mtime 1780981151.0018227
File C:\Users\mikae\AppData\Roaming\Python\Python312\site-packages\django\utils\asyncio.py first seen with mtime 1780981152.6107998
File C:\Users\mikae\AppData\Roaming\Python\Python312\site-packages\django\core\checks\model_checks.py first seen with mtime 1780981152.4510548
File C:\Python312\Lib\ctypes\__init__.py first seen with mtime 1725643874.0
File C:\Users\mikae\AppData\Roaming\Python\Python312\site-packages\django\db\models\fields\related.py first seen with mtime 1780981152.5277362
File C:\Users\mikae\AppData\Roaming\Python\Python312\site-packages\django\utils\translation\reloader.py first seen with mtime 1780981152.6264682
File C:\Users\mikae\AppData\Roaming\Python\Python312\site-packages\django\utils\numberformat.py first seen with mtime 1780981152.6234417
File C:\Users\mikae\AppData\Roaming\Python\Python312\site-packages\django\core\management\__init__.py first seen with mtime 1780981152.4666846
File C:\Users\mikae\AppData\Roaming\Python\Python312\site-packages\django\core\checks\caches.py first seen with mtime 1780981152.4483008
File C:\Python312\Lib\email\policy.py first seen with mtime 1725643874.0
File C:\Python312\Lib\ctypes\_endian.py first seen with mtime 1725643874.0
File C:\Users\mikae\AppData\Roaming\Python\Python312\site-packages\django\views\static.py first seen with mtime 1780981152.6294763
File C:\Users\mikae\AppData\Roaming\Python\Python312\site-packages\django\db\models\functions\json.py first seen with mtime 1780981152.5307436
File C:\Users\mikae\AppData\Roaming\Python\Python312\site-packages\django\db\migrations\operations\base.py first seen with mtime 1780981152.5154836
File C:\Python312\Lib\asyncio\threads.py first seen with mtime 1725643874.0
File C:\Users\mikae\AppData\Roaming\Python\Python312\site-packages\django\db\models\fields\files.py first seen with mtime 1780981152.5257323
File C:\Users\mikae\AppData\Roaming\Python\Python312\site-packages\django\db\models\functions\window.py first seen with mtime 1780981152.5337517
File C:\Users\mikae\AppData\Roaming\Python\Python312\site-packages\django\shortcuts.py first seen with mtime 1780981150.8073757
File C:\Users\mikae\AppData\Roaming\Python\Python312\site-packages\django\db\models\fields\mixins.py first seen with mtime 1780981152.5277362
File C:\Python312\Lib\numbers.py first seen with mtime 1725643874.0
File C:\Users\mikae\AppData\Roaming\Python\Python312\site-packages\django\contrib\auth\models.py first seen with mtime 1780981151.4056928
File C:\Users\mikae\AppData\Roaming\Python\Python312\site-packages\django\template\loaders\base.py first seen with mtime 1780981152.5990438
File C:\Users\mikae\AppData\Roaming\Python\Python312\site-packages\django\db\backends\ddl_references.py first seen with mtime 1780981152.4848423
File C:\Users\mikae\AppData\Roaming\Python\Python312\site-packages\django\contrib\auth\templatetags\__init__.py first seen with mtime 1780981151.5247533
File C:\Python312\Lib\encodings\cp1252.py first seen with mtime 1725643874.0
File C:\Python312\Lib\uuid.py first seen with mtime 1725643874.0
File C:\Users\mikae\AppData\Roaming\Python\Python312\site-packages\django\contrib\admin\views\__init__.py first seen with mtime 1780981151.2784965
File C:\Users\mikae\AppData\Roaming\Python\Python312\site-packages\django\db\models\functions\comparison.py first seen with mtime 1780981152.5307436
File C:\Users\mikae\AppData\Roaming\Python\Python312\site-packages\django\template\backends\__init__.py first seen with mtime 1780981152.5960357
File C:\the_project_of_all_time\src\pages\urls.py first seen with mtime 1781057681.1834018
File C:\Python312\Lib\encodings\utf_8.py first seen with mtime 1725643874.0
File C:\Python312\Lib\asyncio\proactor_events.py first seen with mtime 1725643874.0
File C:\Python312\Lib\importlib\__init__.py first seen with mtime 1725643874.0
File C:\Users\mikae\AppData\Roaming\Python\Python312\site-packages\django\contrib\messages\utils.py first seen with mtime 1780981152.0175276
File C:\Python312\Lib\asyncio\log.py first seen with mtime 1725643874.0
File C:\Python312\Lib\threading.py first seen with mtime 1725643874.0
File C:\Python312\Lib\asyncio\queues.py first seen with mtime 1725643874.0
File C:\Users\mikae\AppData\Roaming\Python\Python312\site-packages\django\contrib\auth\hashers.py first seen with mtime 1780981151.404188
File C:\Python312\Lib\collections\abc.py first seen with mtime 1725643874.0
File C:\Users\mikae\AppData\Roaming\Python\Python312\site-packages\django\core\servers\basehttp.py first seen with mtime 1780981152.4817164
File C:\Users\mikae\AppData\Roaming\Python\Python312\site-packages\django\db\models\constants.py first seen with mtime 1780981152.5185742
File C:\Python312\Lib\traceback.py first seen with mtime 1725643874.0
File C:\Users\mikae\AppData\Roaming\Python\Python312\site-packages\django\contrib\auth\tokens.py first seen with mtime 1780981151.4056928
File C:\Python312\DLLs\_socket.pyd first seen with mtime 1725643928.0
File C:\Users\mikae\AppData\Roaming\Python\Python312\site-packages\django\utils\encoding.py first seen with mtime 1780981152.616817
File C:\Python312\Lib\asyncio\base_futures.py first seen with mtime 1725643874.0
File C:\Users\mikae\AppData\Roaming\Python\Python312\site-packages\django\core\files\storage\mixins.py first seen with mtime 1780981152.4606688
File C:\Python312\Lib\concurrent\futures\_base.py first seen with mtime 1725643874.0
File C:\Users\mikae\AppData\Roaming\Python\Python312\site-packages\sqlparse\formatter.py first seen with mtime 1780981149.1115808
File C:\Python312\Lib\multiprocessing\reduction.py first seen with mtime 1725643874.0
File C:\Python312\Lib\pickle.py first seen with mtime 1725643874.0
File C:\Python312\Lib\fractions.py first seen with mtime 1725643874.0
File C:\Users\mikae\AppData\Roaming\Python\Python312\site-packages\django\core\files\uploadedfile.py first seen with mtime 1780981152.4576468
File C:\Users\mikae\AppData\Roaming\Python\Python312\site-packages\django\utils\formats.py first seen with mtime 1780981152.616817
File C:\Users\mikae\AppData\Roaming\Python\Python312\site-packages\django\utils\termcolors.py first seen with mtime 1780981152.6234417
File C:\Users\mikae\AppData\Roaming\Python\Python312\site-packages\django\forms\__init__.py first seen with mtime 1780981152.5367725
File C:\Users\mikae\AppData\Roaming\Python\Python312\site-packages\django\template\library.py first seen with mtime 1780981152.5929966
File C:\Python312\Lib\glob.py first seen with mtime 1725643874.0
File C:\Users\mikae\AppData\Roaming\Python\Python312\site-packages\django\core\checks\security\base.py first seen with mtime 1780981152.4543982
File C:\Users\mikae\AppData\Roaming\Python\Python312\site-packages\django\contrib\contenttypes\models.py first seen with mtime 1780981151.5279605
File C:\Python312\Lib\struct.py first seen with mtime 1725643874.0
File C:\Users\mikae\AppData\Roaming\Python\Python312\site-packages\django\contrib\auth\views.py first seen with mtime 1780981151.4076982
File C:\Python312\DLLs\_wmi.pyd first seen with mtime 1725643928.0
File C:\Python312\Lib\reprlib.py first seen with mtime 1725643874.0
File C:\Users\mikae\AppData\Roaming\Python\Python312\site-packages\django\contrib\sites\__init__.py first seen with mtime 1780981152.3256848
File C:\Users\mikae\AppData\Roaming\Python\Python312\site-packages\django\contrib\__init__.py first seen with mtime 1780981150.998765
File C:\Users\mikae\AppData\Roaming\Python\Python312\site-packages\django\db\backends\base\validation.py first seen with mtime 1780981152.4881015
File C:\Python312\Lib\multiprocessing\__init__.py first seen with mtime 1725643874.0
File C:\Users\mikae\AppData\Roaming\Python\Python312\site-packages\django\conf\global_settings.py first seen with mtime 1780981150.8103857
File C:\Python312\Lib\asyncio\base_subprocess.py first seen with mtime 1725643874.0
File C:\Users\mikae\AppData\Roaming\Python\Python312\site-packages\django\core\handlers\exception.py first seen with mtime 1780981152.4606688
File C:\Users\mikae\AppData\Roaming\Python\Python312\site-packages\django\contrib\admin\templatetags\admin_modify.py first seen with mtime 1780981151.2784965
File C:\Users\mikae\AppData\Roaming\Python\Python312\site-packages\django\contrib\staticfiles\management\commands\runserver.py first seen with mtime 1780981152.4392269
File C:\Python312\DLLs\_lzma.pyd first seen with mtime 1725643928.0
File C:\Users\mikae\AppData\Roaming\Python\Python312\site-packages\django\contrib\sessions\base_session.py first seen with mtime 1780981152.2179313
File C:\Users\mikae\AppData\Roaming\Python\Python312\site-packages\django\core\cache\__init__.py first seen with mtime 1780981152.442237
File C:\Users\mikae\AppData\Roaming\Python\Python312\site-packages\django\contrib\admin\decorators.py first seen with mtime 1780981150.998765
File C:\Python312\Lib\quopri.py first seen with mtime 1725643874.0
File C:\Users\mikae\AppData\Roaming\Python\Python312\site-packages\django\db\models\fields\related_descriptors.py first seen with mtime 1780981152.5277362
File C:\Users\mikae\AppData\Roaming\Python\Python312\site-packages\django\utils\ipv6.py first seen with mtime 1780981152.6200614
File C:\Users\mikae\AppData\Roaming\Python\Python312\site-packages\django\contrib\admin\sites.py first seen with mtime 1780981151.0018227
File C:\Users\mikae\AppData\Roaming\Python\Python312\site-packages\django\core\handlers\base.py first seen with mtime 1780981152.4606688
File C:\Users\mikae\AppData\Roaming\Python\Python312\site-packages\django\db\backends\sqlite3\introspection.py first seen with mtime 1780981152.506148
File C:\Python312\DLLs\_ctypes.pyd first seen with mtime 1725643928.0
File C:\Python312\Lib\datetime.py first seen with mtime 1725643874.0
File C:\Python312\Lib\_weakrefset.py first seen with mtime 1725643874.0
File C:\Python312\Lib\asyncio\futures.py first seen with mtime 1725643874.0
File C:\Users\mikae\AppData\Roaming\Python\Python312\site-packages\django\templatetags\cache.py first seen with mtime 1780981152.6015506
File C:\Python312\Lib\dis.py first seen with mtime 1725643874.0
File C:\Python312\Lib\http\__init__.py first seen with mtime 1725643874.0
File C:\Python312\Lib\pprint.py first seen with mtime 1725643874.0
File C:\Users\mikae\AppData\Roaming\Python\Python312\site-packages\django\views\generic\list.py first seen with mtime 1780981152.6356356
File C:\Users\mikae\AppData\Roaming\Python\Python312\site-packages\django\core\files\__init__.py first seen with mtime 1780981152.4543982
File C:\Users\mikae\AppData\Roaming\Python\Python312\site-packages\django\template\exceptions.py first seen with mtime 1780981152.5929966
File C:\Users\mikae\AppData\Roaming\Python\Python312\site-packages\django\template\loader_tags.py first seen with mtime 1780981152.5929966
File C:\Users\mikae\AppData\Roaming\Python\Python312\site-packages\django\db\models\sql\__init__.py first seen with mtime 1780981152.5337517
File C:\Users\mikae\AppData\Roaming\Python\Python312\site-packages\sqlparse\engine\grouping.py first seen with mtime 1780981149.1143992
File C:\Users\mikae\AppData\Roaming\Python\Python312\site-packages\django\core\management\utils.py first seen with mtime 1780981152.4696906
File C:\the_project_of_all_time\src\pages\admin.py first seen with mtime 1787728117.2167835
File C:\Users\mikae\AppData\Roaming\Python\Python312\site-packages\django\db\models\fields\composite.py first seen with mtime 1780981152.5257323
File C:\Users\mikae\AppData\Roaming\Python\Python312\site-packages\django\core\management\color.py first seen with mtime 1780981152.468688
File C:\Python312\DLLs\_asyncio.pyd first seen with mtime 1725643928.0
File C:\Users\mikae\AppData\Roaming\Python\Python312\site-packages\django\contrib\auth\password_validation.py first seen with mtime 1780981151.4056928
File C:\Python312\Lib\html\parser.py first seen with mtime 1725643874.0
File C:\Python312\Lib\random.py first seen with mtime 1725643874.0
File C:\Python312\Lib\asyncio\sslproto.py first seen with mtime 1725643874.0
File C:\Python312\Lib\lzma.py first seen with mtime 1725643874.0
File C:\Users\mikae\AppData\Roaming\Python\Python312\site-packages\sqlparse\engine\filter_stack.py first seen with mtime 1780981149.1143992
File C:\Users\mikae\AppData\Roaming\Python\Python312\site-packages\django\conf\__init__.py first seen with mtime 1780981150.8103857
File C:\Python312\Lib\selectors.py first seen with mtime 1725643874.0
File C:\Users\mikae\AppData\Roaming\Python\Python312\site-packages\django\core\checks\registry.py first seen with mtime 1780981152.4510548
File C:\Python312\Lib\asyncio\protocols.py first seen with mtime 1725643874.0
File C:\Users\mikae\AppData\Roaming\Python\Python312\site-packages\django\contrib\staticfiles\checks.py first seen with mtime 1780981152.4329646
File C:\Python312\Lib\json\decoder.py first seen with mtime 1725643874.0
File C:\Users\mikae\AppData\Roaming\Python\Python312\site-packages\django\template\response.py first seen with mtime 1780981152.5960357
File C:\Python312\Lib\_markupbase.py first seen with mtime 1725643874.0
File C:\Python312\DLLs\_bz2.pyd first seen with mtime 1725643928.0
File C:\Python312\Lib\statistics.py first seen with mtime 1725643874.0
File C:\Users\mikae\AppData\Roaming\Python\Python312\site-packages\django\core\mail\message.py first seen with mtime 1780981152.4636765
File C:\Python312\Lib\keyword.py first seen with mtime 1725643874.0
File C:\Users\mikae\AppData\Roaming\Python\Python312\site-packages\django\forms\formsets.py first seen with mtime 1780981152.539782
File C:\Python312\Lib\email\contentmanager.py first seen with mtime 1725643874.0
File C:\Python312\DLLs\_sqlite3.pyd first seen with mtime 1725643928.0
File C:\Python312\Lib\email\feedparser.py first seen with mtime 1725643874.0
File C:\the_project_of_all_time\src\pages\apps.py first seen with mtime 1781057681.1834018
File C:\Users\mikae\AppData\Roaming\Python\Python312\site-packages\django\core\management\base.py first seen with mtime 1780981152.4666846
File C:\Users\mikae\AppData\Roaming\Python\Python312\site-packages\django\db\backends\sqlite3\__init__.py first seen with mtime 1780981152.5031266
File C:\Users\mikae\AppData\Roaming\Python\Python312\site-packages\sqlparse\__init__.py first seen with mtime 1780981149.107825
File C:\Users\mikae\AppData\Roaming\Python\Python312\site-packages\django\db\models\sql\constants.py first seen with mtime 1780981152.5337517
File C:\Python312\Lib\dataclasses.py first seen with mtime 1725643874.0
File C:\Users\mikae\AppData\Roaming\Python\Python312\site-packages\django\http\multipartparser.py first seen with mtime 1780981152.5803742
File C:\Users\mikae\AppData\Roaming\Python\Python312\site-packages\django\conf\urls\__init__.py first seen with mtime 1780981150.9967608
File C:\Python312\Lib\concurrent\__init__.py first seen with mtime 1725643874.0
File C:\Python312\Lib\pkgutil.py first seen with mtime 1725643874.0
File C:\Users\mikae\AppData\Roaming\Python\Python312\site-packages\django\contrib\staticfiles\apps.py first seen with mtime 1780981152.4329646
File C:\Python312\Lib\re\_compiler.py first seen with mtime 1725643874.0
File C:\Users\mikae\AppData\Roaming\Python\Python312\site-packages\sqlparse\lexer.py first seen with mtime 1780981149.1115808
File C:\Python312\Lib\json\scanner.py first seen with mtime 1725643874.0
File C:\Users\mikae\AppData\Roaming\Python\Python312\site-packages\django\contrib\sites\shortcuts.py first seen with mtime 1780981152.3289206
File C:\Users\mikae\AppData\Roaming\Python\Python312\site-packages\django\contrib\auth\decorators.py first seen with mtime 1780981151.402325
File C:\Users\mikae\AppData\Roaming\Python\Python312\site-packages\django\db\models\options.py first seen with mtime 1780981152.5217197
File C:\Users\mikae\AppData\Roaming\Python\Python312\site-packages\django\db\backends\base\schema.py first seen with mtime 1780981152.4881015
File C:\Users\mikae\AppData\Roaming\Python\Python312\site-packages\django\db\models\functions\mixins.py first seen with mtime 1780981152.5307436
File C:\Python312\Lib\zoneinfo\__init__.py first seen with mtime 1725643874.0
File C:\Python312\Lib\email\message.py first seen with mtime 1725643874.0
File C:\Users\mikae\AppData\Roaming\Python\Python312\site-packages\django\utils\lorem_ipsum.py first seen with mtime 1780981152.6200614
File C:\Users\mikae\AppData\Roaming\Python\Python312\site-packages\django\db\migrations\utils.py first seen with mtime 1780981152.5124354
File C:\Users\mikae\AppData\Roaming\Python\Python312\site-packages\django\templatetags\i18n.py first seen with mtime 1780981152.6015506
File C:\Users\mikae\AppData\Roaming\Python\Python312\site-packages\django\contrib\sessions\backends\__init__.py first seen with mtime 1780981152.2209537
File C:\Python312\Lib\logging\handlers.py first seen with mtime 1725643874.0
File C:\Users\mikae\AppData\Roaming\Python\Python312\site-packages\django\views\decorators\csp.py first seen with mtime 1780981152.6324844
File C:\Python312\Lib\re\_constants.py first seen with mtime 1725643874.0
File C:\Users\mikae\AppData\Roaming\Python\Python312\site-packages\django\contrib\messages\__init__.py first seen with mtime 1780981152.0145147
File C:\Python312\Lib\tempfile.py first seen with mtime 1725643874.0
File C:\Python312\Lib\re\_parser.py first seen with mtime 1725643874.0
File C:\Users\mikae\AppData\Roaming\Python\Python312\site-packages\django\contrib\auth\apps.py first seen with mtime 1780981151.4013197
File C:\Users\mikae\AppData\Roaming\Python\Python312\site-packages\django\dispatch\dispatcher.py first seen with mtime 1780981152.5367725
File C:\Users\mikae\AppData\Roaming\Python\Python312\site-packages\django\contrib\auth\templatetags\auth.py first seen with mtime 1780981151.5247533
File C:\Users\mikae\AppData\Roaming\Python\Python312\site-packages\django\db\models\functions\text.py first seen with mtime 1780981152.5307436
File C:\Users\mikae\AppData\Roaming\Python\Python312\site-packages\django\apps\__init__.py first seen with mtime 1780981150.8073757
File C:\Users\mikae\AppData\Roaming\Python\Python312\site-packages\django\contrib\sessions\models.py first seen with mtime 1780981152.2209537
File C:\Users\mikae\AppData\Roaming\Python\Python312\site-packages\django\apps\registry.py first seen with mtime 1780981150.8093805
File C:\Users\mikae\AppData\Roaming\Python\Python312\site-packages\django\db\migrations\__init__.py first seen with mtime 1780981152.5091562
File C:\Python312\Lib\_compression.py first seen with mtime 1725643874.0
File C:\Users\mikae\AppData\Roaming\Python\Python312\site-packages\django\db\backends\sqlite3\base.py first seen with mtime 1780981152.506148
File C:\Users\mikae\AppData\Roaming\Python\Python312\site-packages\django\contrib\admin\actions.py first seen with mtime 1780981150.998765
File C:\Python312\Lib\asyncio\events.py first seen with mtime 1725643874.0
File C:\Users\mikae\AppData\Roaming\Python\Python312\site-packages\django\core\mail\utils.py first seen with mtime 1780981152.4636765
File C:\Users\mikae\AppData\Roaming\Python\Python312\site-packages\django\utils\dateformat.py first seen with mtime 1780981152.613808
File C:\Users\mikae\AppData\Roaming\Python\Python312\site-packages\django\contrib\sessions\apps.py first seen with mtime 1780981152.2179313
File C:\Users\mikae\AppData\Roaming\Python\Python312\site-packages\django\views\debug.py first seen with mtime 1780981152.6294763
File C:\Python312\Lib\queue.py first seen with mtime 1725643874.0
File C:\Python312\Lib\string.py first seen with mtime 1725643874.0
File C:\Python312\Lib\zoneinfo\_common.py first seen with mtime 1725643874.0
File C:\Users\mikae\AppData\Roaming\Python\Python312\site-packages\django\middleware\csrf.py first seen with mtime 1780981152.5833807
File C:\Python312\Lib\json\encoder.py first seen with mtime 1725643874.0
File C:\Users\mikae\AppData\Roaming\Python\Python312\site-packages\sqlparse\cli.py first seen with mtime 1780981149.107825
File C:\Python312\DLLs\_queue.pyd first seen with mtime 1725643928.0
File C:\Users\mikae\AppData\Roaming\Python\Python312\site-packages\django\db\models\query.py first seen with mtime 1780981152.5217197
File C:\Users\mikae\AppData\Roaming\Python\Python312\site-packages\django\contrib\contenttypes\apps.py first seen with mtime 1780981151.5247533
File C:\Users\mikae\AppData\Roaming\Python\Python312\site-packages\django\db\migrations\exceptions.py first seen with mtime 1780981152.5091562
File C:\Python312\Lib\token.py first seen with mtime 1725643874.0
File C:\Users\mikae\AppData\Roaming\Python\Python312\site-packages\django\conf\locale\__init__.py first seen with mtime 1780981150.813811
File C:\Python312\Lib\email\__init__.py first seen with mtime 1725643874.0
File C:\Python312\Lib\subprocess.py first seen with mtime 1725643874.0
File C:\Users\mikae\AppData\Roaming\Python\Python312\site-packages\django\utils\timesince.py first seen with mtime 1780981152.6234417
File C:\Python312\Lib\asyncio\taskgroups.py first seen with mtime 1725643874.0
File C:\Users\mikae\AppData\Roaming\Python\Python312\site-packages\django\utils\deconstruct.py first seen with mtime 1780981152.613808
File C:\Python312\Lib\email\_encoded_words.py first seen with mtime 1725643874.0
File C:\Users\mikae\AppData\Roaming\Python\Python312\site-packages\django\template\base.py first seen with mtime 1780981152.5894866
File C:\Users\mikae\AppData\Roaming\Python\Python312\site-packages\django\template\loader.py first seen with mtime 1780981152.5929966
File C:\Users\mikae\AppData\Roaming\Python\Python312\site-packages\django\core\files\uploadhandler.py first seen with mtime 1780981152.4576468
File C:\Users\mikae\AppData\Roaming\Python\Python312\site-packages\django\http\cookie.py first seen with mtime 1780981152.5803742
File C:\Users\mikae\AppData\Roaming\Python\Python312\site-packages\django\core\checks\async_checks.py first seen with mtime 1780981152.4483008
File C:\Python312\Lib\pathlib.py first seen with mtime 1725643874.0
File C:\Users\mikae\AppData\Roaming\Python\Python312\site-packages\django\forms\forms.py first seen with mtime 1780981152.539782
File C:\Users\mikae\AppData\Roaming\Python\Python312\site-packages\django\contrib\contenttypes\management\__init__.py first seen with mtime 1780981151.6440516
File C:\Users\mikae\AppData\Roaming\Python\Python312\site-packages\django\contrib\staticfiles\management\commands\__init__.py first seen with mtime 1780981152.4360428
File C:\the_project_of_all_time\src\pages\models.py first seen with mtime 1781057681.1834018
File C:\Users\mikae\AppData\Roaming\Python\Python312\site-packages\django\db\backends\sqlite3\schema.py first seen with mtime 1780981152.506148
File C:\Users\mikae\AppData\Roaming\Python\Python312\site-packages\django\views\generic\edit.py first seen with mtime 1780981152.6356356
File C:\Python312\Lib\gzip.py first seen with mtime 1725643874.0
File C:\Users\mikae\AppData\Roaming\Python\Python312\site-packages\sqlparse\filters\__init__.py first seen with mtime 1780981149.1143992
File C:\Users\mikae\AppData\Roaming\Python\Python312\site-packages\django\contrib\admin\filters.py first seen with mtime 1780981151.0018227
File C:\Users\mikae\AppData\Roaming\Python\Python312\site-packages\sqlparse\engine\__init__.py first seen with mtime 1780981149.1143992
File C:\Users\mikae\AppData\Roaming\Python\Python312\site-packages\django\db\transaction.py first seen with mtime 1780981152.4848423
File C:\Users\mikae\AppData\Roaming\Python\Python312\site-packages\django\middleware\__init__.py first seen with mtime 1780981152.5823781
File C:\Users\mikae\AppData\Roaming\Python\Python312\site-packages\django\urls\__init__.py first seen with mtime 1780981152.6077778
File C:\Python312\Lib\email\parser.py first seen with mtime 1725643874.0
File C:\Users\mikae\AppData\Roaming\Python\Python312\site-packages\django\db\models\fields\json.py first seen with mtime 1780981152.5257323
File C:\Users\mikae\AppData\Roaming\Python\Python312\site-packages\django\core\cache\backends\base.py first seen with mtime 1780981152.445282
File C:\Python312\Lib\ctypes\wintypes.py first seen with mtime 1725643874.0
File C:\Users\mikae\AppData\Roaming\Python\Python312\site-packages\django\db\utils.py first seen with mtime 1780981152.4848423
File C:\Users\mikae\AppData\Roaming\Python\Python312\site-packages\django\views\generic\dates.py first seen with mtime 1780981152.6356356
File C:\Python312\Lib\functools.py first seen with mtime 1725643874.0
File C:\Users\mikae\AppData\Roaming\Python\Python312\site-packages\django\contrib\admin\templatetags\admin_list.py first seen with mtime 1780981151.2769918
File C:\Python312\Lib\re\_casefix.py first seen with mtime 1725643874.0
File C:\Users\mikae\AppData\Roaming\Python\Python312\site-packages\django\forms\fields.py first seen with mtime 1780981152.539782
File C:\Python312\Lib\socketserver.py first seen with mtime 1725643874.0
File C:\Users\mikae\AppData\Roaming\Python\Python312\site-packages\django\templatetags\tz.py first seen with mtime 1780981152.6015506
File C:\Users\mikae\AppData\Roaming\Python\Python312\site-packages\django\core\checks\compatibility\__init__.py first seen with mtime 1780981152.4510548
File C:\Users\mikae\AppData\Roaming\Python\Python312\site-packages\django\db\backends\sqlite3\creation.py first seen with mtime 1780981152.506148
File C:\Python312\Lib\email\mime\message.py first seen with mtime 1725643874.0
File C:\Users\mikae\AppData\Roaming\Python\Python312\site-packages\django\contrib\admin\templatetags\__init__.py first seen with mtime 1780981151.2769918
File C:\Users\mikae\AppData\Roaming\Python\Python312\site-packages\django\forms\widgets.py first seen with mtime 1780981152.539782
File C:\Users\mikae\AppData\Roaming\Python\Python312\site-packages\django\core\checks\security\__init__.py first seen with mtime 1780981152.4510548
File C:\Users\mikae\AppData\Roaming\Python\Python312\site-packages\django\contrib\sessions\exceptions.py first seen with mtime 1780981152.2179313
File C:\Users\mikae\AppData\Roaming\Python\Python312\site-packages\django\contrib\auth\__init__.py first seen with mtime 1780981151.3993146
File C:\Python312\Lib\html\entities.py first seen with mtime 1725643874.0
File C:\Users\mikae\AppData\Roaming\Python\Python312\site-packages\django\core\servers\__init__.py first seen with mtime 1780981152.4817164
File C:\Python312\Lib\copy.py first seen with mtime 1725643874.0
File C:\Users\mikae\AppData\Roaming\Python\Python312\site-packages\django\template\backends\base.py first seen with mtime 1780981152.5960357
File C:\Users\mikae\AppData\Roaming\Python\Python312\site-packages\django\template\smartif.py first seen with mtime 1780981152.5960357
File C:\Users\mikae\AppData\Roaming\Python\Python312\site-packages\django\views\defaults.py first seen with mtime 1780981152.6294763
File C:\Users\mikae\AppData\Roaming\Python\Python312\site-packages\django\contrib\sessions\__init__.py first seen with mtime 1780981152.2179313
File C:\Users\mikae\AppData\Roaming\Python\Python312\site-packages\django\template\backends\django.py first seen with mtime 1780981152.5960357
File C:\Users\mikae\AppData\Roaming\Python\Python312\site-packages\django\contrib\auth\validators.py first seen with mtime 1780981151.4076982
File C:\Users\mikae\AppData\Roaming\Python\Python312\site-packages\django\core\handlers\__init__.py first seen with mtime 1780981152.4606688
File C:\the_project_of_all_time\src\__init__.py first seen with mtime 1781057681.189435
File C:\Users\mikae\AppData\Roaming\Python\Python312\site-packages\django\core\checks\compatibility\django_4_0.py first seen with mtime 1780981152.4510548
File C:\Users\mikae\AppData\Roaming\Python\Python312\site-packages\django\views\i18n.py first seen with mtime 1780981152.6294763
File C:\the_project_of_all_time\src\config\settings.py first seen with mtime 1787877522.65772
File C:\Users\mikae\AppData\Roaming\Python\Python312\site-packages\django\contrib\contenttypes\views.py first seen with mtime 1780981151.5279605
File C:\Users\mikae\AppData\Roaming\Python\Python312\site-packages\sqlparse\keywords.py first seen with mtime 1780981149.1115808
File C:\Users\mikae\AppData\Roaming\Python\Python312\site-packages\django\contrib\auth\checks.py first seen with mtime 1780981151.402325
File C:\Python312\Lib\wsgiref\handlers.py first seen with mtime 1725643874.0
File C:\Users\mikae\AppData\Roaming\Python\Python312\site-packages\django\db\backends\__init__.py first seen with mtime 1780981152.4848423
File C:\Python312\Lib\asyncio\exceptions.py first seen with mtime 1725643874.0
File C:\Users\mikae\AppData\Roaming\Python\Python312\site-packages\django\utils\_os.py first seen with mtime 1780981152.6107998
File C:\Users\mikae\AppData\Roaming\Python\Python312\site-packages\django\core\files\temp.py first seen with mtime 1780981152.4576468
File C:\Users\mikae\AppData\Roaming\Python\Python312\site-packages\django\contrib\messages\api.py first seen with mtime 1780981152.0145147
File C:\Python312\Lib\email\mime\text.py first seen with mtime 1725643874.0
File C:\Users\mikae\AppData\Roaming\Python\Python312\site-packages\django\contrib\admin\checks.py first seen with mtime 1780981150.998765
File C:\Python312\Lib\asyncio\windows_utils.py first seen with mtime 1725643874.0
File C:\Python312\Lib\urllib\response.py first seen with mtime 1725643874.0
File C:\Users\mikae\AppData\Roaming\Python\Python312\site-packages\django\db\migrations\optimizer.py first seen with mtime 1780981152.5124354
File C:\Python312\DLLs\_hashlib.pyd first seen with mtime 1725643928.0
File C:\Python312\Lib\linecache.py first seen with mtime 1725643874.0
File C:\Users\mikae\AppData\Roaming\Python\Python312\site-packages\django\views\__init__.py first seen with mtime 1780981152.6294763
File C:\Python312\Lib\bz2.py first seen with mtime 1725643874.0
File C:\Users\mikae\AppData\Roaming\Python\Python312\site-packages\django\contrib\admin\templatetags\base.py first seen with mtime 1780981151.2784965
File C:\Users\mikae\AppData\Roaming\Python\Python312\site-packages\django\contrib\admin\templatetags\admin_urls.py first seen with mtime 1780981151.2784965
File C:\Users\mikae\AppData\Roaming\Python\Python312\site-packages\sqlparse\tokens.py first seen with mtime 1780981149.1133935
File C:\the_project_of_all_time\manage.py first seen with mtime 1781057681.1914442
File C:\Users\mikae\AppData\Roaming\Python\Python312\site-packages\django\utils\log.py first seen with mtime 1780981152.6200614
File C:\Python312\Lib\asyncio\transports.py first seen with mtime 1725643874.0
File C:\Python312\Lib\encodings\__init__.py first seen with mtime 1725643874.0
File C:\Users\mikae\AppData\Roaming\Python\Python312\site-packages\django\db\backends\signals.py first seen with mtime 1780981152.4848423
File C:\Python312\Lib\hmac.py first seen with mtime 1725643874.0
File C:\Users\mikae\AppData\Roaming\Python\Python312\site-packages\django\views\decorators\cache.py first seen with mtime 1780981152.6324844
File C:\Python312\Lib\urllib\request.py first seen with mtime 1725643874.0
File C:\Users\mikae\AppData\Roaming\Python\Python312\site-packages\django\__init__.py first seen with mtime 1780981150.8073757
File C:\Users\mikae\AppData\Roaming\Python\Python312\site-packages\django\db\migrations\operations\models.py first seen with mtime 1780981152.5154836
File C:\Users\mikae\AppData\Roaming\Python\Python312\site-packages\django\middleware\security.py first seen with mtime 1780981152.586388
File C:\Python312\Lib\operator.py first seen with mtime 1725643874.0
File C:\Users\mikae\AppData\Roaming\Python\Python312\site-packages\django\forms\utils.py first seen with mtime 1780981152.539782
File C:\Users\mikae\AppData\Roaming\Python\Python312\site-packages\django\utils\hashable.py first seen with mtime 1780981152.616817
File C:\Users\mikae\AppData\Roaming\Python\Python312\site-packages\django\contrib\staticfiles\handlers.py first seen with mtime 1780981152.4329646
File C:\Users\mikae\AppData\Roaming\Python\Python312\site-packages\django\views\generic\base.py first seen with mtime 1780981152.6356356
File C:\Python312\Lib\graphlib.py first seen with mtime 1725643874.0
File C:\Users\mikae\AppData\Roaming\Python\Python312\site-packages\django\http\response.py first seen with mtime 1780981152.5823781
File C:\Users\mikae\AppData\Roaming\Python\Python312\site-packages\django\core\cache\backends\filebased.py first seen with mtime 1780981152.445282
File C:\Python312\Lib\inspect.py first seen with mtime 1725643874.0
File C:\Users\mikae\AppData\Roaming\Python\Python312\site-packages\django\urls\resolvers.py first seen with mtime 1780981152.6077778
File C:\Users\mikae\AppData\Roaming\Python\Python312\site-packages\django\core\management\commands\runserver.py first seen with mtime 1780981152.4757018
File C:\Users\mikae\AppData\Roaming\Python\Python312\site-packages\django\db\backends\sqlite3\client.py first seen with mtime 1780981152.506148
File C:\Users\mikae\AppData\Roaming\Python\Python312\site-packages\django\utils\html.py first seen with mtime 1780981152.6200614
File C:\Python312\DLLs\_ssl.pyd first seen with mtime 1725643928.0
File C:\Users\mikae\AppData\Roaming\Python\Python312\site-packages\django\db\backends\base\creation.py first seen with mtime 1780981152.4881015
File C:\Python312\Lib\asyncio\tasks.py first seen with mtime 1725643874.0
File C:\Users\mikae\AppData\Roaming\Python\Python312\site-packages\django\core\checks\messages.py first seen with mtime 1780981152.4510548
File C:\Python312\Lib\collections\__init__.py first seen with mtime 1725643874.0
File C:\Users\mikae\AppData\Roaming\Python\Python312\site-packages\django\db\models\fields\proxy.py first seen with mtime 1780981152.5277362
File C:\Python312\Lib\email\mime\multipart.py first seen with mtime 1725643874.0
File C:\Python312\Lib\email\utils.py first seen with mtime 1725643874.0
File C:\Users\mikae\AppData\Roaming\Python\Python312\site-packages\django\contrib\auth\admin.py first seen with mtime 1780981151.3993146
File C:\Users\mikae\AppData\Roaming\Python\Python312\site-packages\django\contrib\auth\forms.py first seen with mtime 1780981151.404188
File C:\Users\mikae\AppData\Roaming\Python\Python312\site-packages\django\templatetags\l10n.py first seen with mtime 1780981152.6015506
File C:\Python312\Lib\fnmatch.py first seen with mtime 1725643874.0
File C:\Python312\Lib\encodings\aliases.py first seen with mtime 1725643874.0
File C:\Users\mikae\AppData\Roaming\Python\Python312\site-packages\django\contrib\admin\views\main.py first seen with mtime 1780981151.2816243
File C:\Users\mikae\AppData\Roaming\Python\Python312\site-packages\django\db\models\fields\__init__.py first seen with mtime 1780981152.5247278
File C:\Users\mikae\AppData\Roaming\Python\Python312\site-packages\asgiref\local.py first seen with mtime 1780981149.8517473
File C:\Users\mikae\AppData\Roaming\Python\Python312\site-packages\django\forms\models.py first seen with mtime 1780981152.539782
File C:\Users\mikae\AppData\Roaming\Python\Python312\site-packages\django\db\models\sql\datastructures.py first seen with mtime 1780981152.5337517
File C:\Python312\Lib\importlib\_abc.py first seen with mtime 1725643874.0
File C:\Python312\Lib\types.py first seen with mtime 1725643874.0
File C:\the_project_of_all_time\src\config\__init__.py first seen with mtime 1781057681.189435
File C:\Users\mikae\AppData\Roaming\Python\Python312\site-packages\django\core\management\commands\__init__.py first seen with mtime 1780981152.4696906
File C:\Users\mikae\AppData\Roaming\Python\Python312\site-packages\django\forms\renderers.py first seen with mtime 1780981152.539782
File C:\Users\mikae\AppData\Roaming\Python\Python312\site-packages\django\db\models\deletion.py first seen with mtime 1780981152.5185742
File C:\Users\mikae\AppData\Roaming\Python\Python312\site-packages\django\db\models\indexes.py first seen with mtime 1780981152.5185742
File C:\Python312\Lib\http\cookies.py first seen with mtime 1725643874.0
File C:\Users\mikae\AppData\Roaming\Python\Python312\site-packages\django\views\decorators\__init__.py first seen with mtime 1780981152.6294763
File C:\Python312\Lib\wsgiref\util.py first seen with mtime 1725643874.0
File C:\Users\mikae\AppData\Roaming\Python\Python312\site-packages\django\template\engine.py first seen with mtime 1780981152.5929966
File C:\Python312\Lib\copyreg.py first seen with mtime 1725643874.0
File C:\Users\mikae\AppData\Roaming\Python\Python312\site-packages\django\core\files\storage\base.py first seen with mtime 1780981152.4576468
File C:\Users\mikae\AppData\Roaming\Python\Python312\site-packages\django\core\serializers\__init__.py first seen with mtime 1780981152.4807103
File C:\Python312\Lib\html\__init__.py first seen with mtime 1725643874.0
File C:\Python312\Lib\sqlite3\__init__.py first seen with mtime 1725643874.0
File C:\Users\mikae\AppData\Roaming\Python\Python312\site-packages\django\template\loaders\app_directories.py first seen with mtime 1780981152.5990438
File C:\Users\mikae\AppData\Roaming\Python\Python312\site-packages\django\template\utils.py first seen with mtime 1780981152.5960357
File C:\Python312\Lib\email\_header_value_parser.py first seen with mtime 1725643874.0
File C:\Users\mikae\AppData\Roaming\Python\Python312\site-packages\django\core\wsgi.py first seen with mtime 1780981152.442237
File C:\Python312\Lib\tokenize.py first seen with mtime 1725643874.0
File C:\Users\mikae\AppData\Roaming\Python\Python312\site-packages\django\views\decorators\common.py first seen with mtime 1780981152.6324844
File C:\Users\mikae\AppData\Roaming\Python\Python312\site-packages\django\utils\http.py first seen with mtime 1780981152.6200614
File C:\Python312\Lib\warnings.py first seen with mtime 1725643874.0
File C:\Users\mikae\AppData\Roaming\Python\Python312\site-packages\django\db\migrations\state.py first seen with mtime 1780981152.5124354
File C:\Python312\Lib\logging\config.py first seen with mtime 1725643874.0
File C:\Users\mikae\AppData\Roaming\Python\Python312\site-packages\django\contrib\staticfiles\utils.py first seen with mtime 1780981152.4360428
File C:\Users\mikae\AppData\Roaming\Python\Python312\site-packages\django\core\checks\files.py first seen with mtime 1780981152.4483008
File C:\Users\mikae\AppData\Roaming\Python\Python312\site-packages\django\db\__init__.py first seen with mtime 1780981152.4817164
File C:\Users\mikae\AppData\Roaming\Python\Python312\site-packages\django\core\checks\security\sessions.py first seen with mtime 1780981152.4543982
File C:\Users\mikae\AppData\Roaming\Python\Python312\site-packages\django\db\models\fields\related_lookups.py first seen with mtime 1780981152.5277362
File C:\Python312\Lib\zoneinfo\_tzpath.py first seen with mtime 1725643874.0
File C:\Users\mikae\AppData\Roaming\Python\Python312\site-packages\django\db\models\functions\datetime.py first seen with mtime 1780981152.5307436
File C:\Users\mikae\AppData\Roaming\Python\Python312\site-packages\django\db\models\lookups.py first seen with mtime 1780981152.5217197
File C:\Users\mikae\AppData\Roaming\Python\Python312\site-packages\django\contrib\messages\middleware.py first seen with mtime 1780981152.0175276
File C:\Python312\Lib\asyncio\subprocess.py first seen with mtime 1725643874.0
File C:\Users\mikae\AppData\Roaming\Python\Python312\site-packages\django\core\files\base.py first seen with mtime 1780981152.4559023
File C:\Python312\Lib\decimal.py first seen with mtime 1725643874.0
File C:\Python312\Lib\asyncio\base_tasks.py first seen with mtime 1725643874.0
File C:\Users\mikae\AppData\Roaming\Python\Python312\site-packages\django\core\signals.py first seen with mtime 1780981152.442237
File C:\Python312\Lib\email\charset.py first seen with mtime 1725643874.0
File C:\Python312\Lib\email\generator.py first seen with mtime 1725643874.0
File C:\Users\mikae\AppData\Roaming\Python\Python312\site-packages\django\db\models\enums.py first seen with mtime 1780981152.5185742
File C:\Users\mikae\AppData\Roaming\Python\Python312\site-packages\django\db\models\manager.py first seen with mtime 1780981152.5217197
File C:\Python312\Lib\email\header.py first seen with mtime 1725643874.0
File C:\Users\mikae\AppData\Roaming\Python\Python312\site-packages\django\core\files\storage\memory.py first seen with mtime 1780981152.4606688
File C:\Users\mikae\AppData\Roaming\Python\Python312\site-packages\django\contrib\admin\apps.py first seen with mtime 1780981150.998765
File C:\Users\mikae\AppData\Roaming\Python\Python312\site-packages\sqlparse\filters\reindent.py first seen with mtime 1780981149.1174114
File C:\Users\mikae\AppData\Roaming\Python\Python312\site-packages\django\db\models\base.py first seen with mtime 1780981152.5185742
File C:\Python312\Lib\asyncio\__init__.py first seen with mtime 1725643874.0
File C:\Python312\Lib\urllib\error.py first seen with mtime 1725643874.0
File C:\Users\mikae\AppData\Roaming\Python\Python312\site-packages\django\utils\timezone.py first seen with mtime 1780981152.6234417
File C:\Users\mikae\AppData\Roaming\Python\Python312\site-packages\django\core\validators.py first seen with mtime 1780981152.442237
File C:\Python312\Lib\concurrent\futures\__init__.py first seen with mtime 1725643874.0
File C:\Python312\Lib\socket.py first seen with mtime 1725643874.0
File C:\Users\mikae\AppData\Roaming\Python\Python312\site-packages\django\core\cache\backends\__init__.py first seen with mtime 1780981152.445282
File C:\Users\mikae\AppData\Roaming\Python\Python312\site-packages\django\utils\autoreload.py first seen with mtime 1780981152.6107998
File C:\Python312\Lib\asyncio\mixins.py first seen with mtime 1725643874.0
File C:\Users\mikae\AppData\Roaming\Python\Python312\site-packages\django\dispatch\__init__.py first seen with mtime 1780981152.5367725
File C:\the_project_of_all_time\src\pages\views.py first seen with mtime 1787812313.5149598
File C:\Users\mikae\AppData\Roaming\Python\Python312\site-packages\django\core\checks\security\csrf.py first seen with mtime 1780981152.4543982
File C:\Users\mikae\AppData\Roaming\Python\Python312\site-packages\django\utils\safestring.py first seen with mtime 1780981152.6234417
File C:\Users\mikae\AppData\Roaming\Python\Python312\site-packages\asgiref\current_thread_executor.py first seen with mtime 1780981149.8517473
File C:\Python312\Lib\multiprocessing\process.py first seen with mtime 1725643874.0
File C:\Users\mikae\AppData\Roaming\Python\Python312\site-packages\django\contrib\sessions\backends\base.py first seen with mtime 1780981152.2224586
File C:\Users\mikae\AppData\Roaming\Python\Python312\site-packages\django\contrib\sessions\middleware.py first seen with mtime 1780981152.2179313
File C:\Python312\Lib\email\errors.py first seen with mtime 1725643874.0
File C:\Users\mikae\AppData\Roaming\Python\Python312\site-packages\django\apps\config.py first seen with mtime 1780981150.8093805
File C:\Python312\Lib\locale.py first seen with mtime 1725643874.0
File C:\Python312\Lib\wsgiref\simple_server.py first seen with mtime 1725643874.0
File C:\Users\mikae\AppData\Roaming\Python\Python312\site-packages\django\db\migrations\operations\special.py first seen with mtime 1780981152.5154836
File C:\the_project_of_all_time\src\pages\__init__.py first seen with mtime 1781057681.1854095
File C:\Users\mikae\AppData\Roaming\Python\Python312\site-packages\sqlparse\filters\tokens.py first seen with mtime 1780981149.1174114
File C:\Users\mikae\AppData\Roaming\Python\Python312\site-packages\django\utils\deprecation.py first seen with mtime 1780981152.616817
File C:\Users\mikae\AppData\Roaming\Python\Python312\site-packages\django\db\backends\base\client.py first seen with mtime 1780981152.4881015
File C:\Python312\Lib\email\headerregistry.py first seen with mtime 1725643874.0
File C:\Python312\Lib\email\mime\nonmultipart.py first seen with mtime 1725643874.0
File C:\Users\mikae\AppData\Roaming\Python\Python312\site-packages\django\db\migrations\operations\__init__.py first seen with mtime 1780981152.5154836
File C:\Python312\Lib\asyncio\coroutines.py first seen with mtime 1725643874.0
File C:\Users\mikae\AppData\Roaming\Python\Python312\site-packages\django\core\files\locks.py first seen with mtime 1780981152.4559023
File C:\Users\mikae\AppData\Roaming\Python\Python312\site-packages\django\core\files\move.py first seen with mtime 1780981152.4559023
File C:\Users\mikae\AppData\Roaming\Python\Python312\site-packages\django\core\management\commands\makemigrations.py first seen with mtime 1780981152.4746995
File C:\Python312\Lib\mimetypes.py first seen with mtime 1725643874.0
File C:\Python312\Lib\asyncio\trsock.py first seen with mtime 1725643874.0
File C:\Users\mikae\AppData\Roaming\Python\Python312\site-packages\django\core\files\storage\__init__.py first seen with mtime 1780981152.4576468
File C:\Python312\Lib\email\_policybase.py first seen with mtime 1725643874.0
File C:\Python312\Lib\asyncio\streams.py first seen with mtime 1725643874.0
File C:\Users\mikae\AppData\Roaming\Python\Python312\site-packages\django\db\models\expressions.py first seen with mtime 1780981152.5185742
File C:\Users\mikae\AppData\Roaming\Python\Python312\site-packages\sqlparse\engine\statement_splitter.py first seen with mtime 1780981149.1143992
File C:\Users\mikae\AppData\Roaming\Python\Python312\site-packages\django\db\models\__init__.py first seen with mtime 1780981152.5154836
File C:\Users\mikae\AppData\Roaming\Python\Python312\site-packages\django\template\defaultfilters.py first seen with mtime 1780981152.5929966
File C:\Users\mikae\AppData\Roaming\Python\Python312\site-packages\django\contrib\auth\base_user.py first seen with mtime 1780981151.4013197
File C:\Python312\Lib\http\client.py first seen with mtime 1725643874.0
File C:\Users\mikae\AppData\Roaming\Python\Python312\site-packages\django\db\models\utils.py first seen with mtime 1780981152.5247278
File C:\Python312\Lib\http\server.py first seen with mtime 1725643874.0
File C:\Users\mikae\AppData\Roaming\Python\Python312\site-packages\django\contrib\messages\storage\__init__.py first seen with mtime 1780981152.0175276
File C:\Python312\Lib\argparse.py first seen with mtime 1725643874.0
File C:\Users\mikae\AppData\Roaming\Python\Python312\site-packages\django\utils\connection.py first seen with mtime 1780981152.6107998
File C:\Users\mikae\AppData\Roaming\Python\Python312\site-packages\django\template\loaders\cached.py first seen with mtime 1780981152.5990438
File C:\Python312\Lib\email\mime\base.py first seen with mtime 1725643874.0
File C:\Users\mikae\AppData\Roaming\Python\Python312\site-packages\django\core\serializers\base.py first seen with mtime 1780981152.4807103
File C:\Python312\Lib\email\_parseaddr.py first seen with mtime 1725643874.0
File C:\Python312\Lib\signal.py first seen with mtime 1725643874.0
File C:\Users\mikae\AppData\Roaming\Python\Python312\site-packages\django\db\migrations\autodetector.py first seen with mtime 1780981152.5091562
File C:\Users\mikae\AppData\Roaming\Python\Python312\site-packages\django\templatetags\static.py first seen with mtime 1780981152.6015506
File C:\Users\mikae\AppData\Roaming\Python\Python312\site-packages\django\core\__init__.py first seen with mtime 1780981152.4392269
File C:\Users\mikae\AppData\Roaming\Python\Python312\site-packages\django\contrib\contenttypes\__init__.py first seen with mtime 1780981151.5247533
File C:\Users\mikae\AppData\Roaming\Python\Python312\site-packages\django\contrib\contenttypes\fields.py first seen with mtime 1780981151.5247533
File C:\Users\mikae\AppData\Roaming\Python\Python312\site-packages\sqlparse\filters\aligned_indent.py first seen with mtime 1780981149.1164062
File C:\Users\mikae\AppData\Roaming\Python\Python312\site-packages\django\contrib\admin\exceptions.py first seen with mtime 1780981150.998765
File C:\Users\mikae\AppData\Roaming\Python\Python312\site-packages\django\db\models\fields\generated.py first seen with mtime 1780981152.5257323
File C:\Users\mikae\AppData\Roaming\Python\Python312\site-packages\django\core\serializers\python.py first seen with mtime 1780981152.4817164
File C:\Python312\DLLs\unicodedata.pyd first seen with mtime 1725643928.0
File C:\Users\mikae\AppData\Roaming\Python\Python312\site-packages\django\middleware\clickjacking.py first seen with mtime 1780981152.5833807
File C:\Users\mikae\AppData\Roaming\Python\Python312\site-packages\django\utils\choices.py first seen with mtime 1780981152.6107998
File C:\Python312\Lib\asyncio\format_helpers.py first seen with mtime 1725643874.0
File C:\Users\mikae\AppData\Roaming\Python\Python312\site-packages\django\contrib\staticfiles\views.py first seen with mtime 1780981152.4360428
File C:\Users\mikae\AppData\Roaming\Python\Python312\site-packages\django\contrib\auth\backends.py first seen with mtime 1780981151.4013197
File C:\Python312\Lib\asyncio\timeouts.py first seen with mtime 1725643874.0
File C:\Users\mikae\AppData\Roaming\Python\Python312\site-packages\django\db\backends\base\features.py first seen with mtime 1780981152.4881015
File C:\Users\mikae\AppData\Roaming\Python\Python312\site-packages\django\db\migrations\migration.py first seen with mtime 1780981152.5091562
File C:\Python312\Lib\json\__init__.py first seen with mtime 1725643874.0
File C:\Users\mikae\AppData\Roaming\Python\Python312\site-packages\django\db\models\constraints.py first seen with mtime 1780981152.5185742
File C:\Users\mikae\AppData\Roaming\Python\Python312\site-packages\django\utils\duration.py first seen with mtime 1780981152.616817
File C:\Users\mikae\AppData\Roaming\Python\Python312\site-packages\django\urls\exceptions.py first seen with mtime 1780981152.6077778
File C:\Python312\Lib\asyncio\windows_events.py first seen with mtime 1725643874.0
File C:\Users\mikae\AppData\Roaming\Python\Python312\site-packages\django\db\migrations\operations\fields.py first seen with mtime 1780981152.5154836
File C:\Users\mikae\AppData\Roaming\Python\Python312\site-packages\django\db\backends\base\introspection.py first seen with mtime 1780981152.4881015
File C:\Users\mikae\AppData\Roaming\Python\Python312\site-packages\django\db\models\sql\where.py first seen with mtime 1780981152.5367725
File C:\Python312\Lib\email\mime\__init__.py first seen with mtime 1725643874.0
File C:\Users\mikae\AppData\Roaming\Python\Python312\site-packages\django\contrib\sites\requests.py first seen with mtime 1780981152.3289206
File C:\Python312\DLLs\_decimal.pyd first seen with mtime 1725643928.0
File C:\Python312\Lib\asyncio\runners.py first seen with mtime 1725643874.0
File C:\Python312\Lib\concurrent\futures\thread.py first seen with mtime 1725643874.0
File C:\Users\mikae\AppData\Roaming\Python\Python312\site-packages\django\utils\cache.py first seen with mtime 1780981152.6107998
File C:\Python312\Lib\shutil.py first seen with mtime 1725643874.0
File C:\Users\mikae\AppData\Roaming\Python\Python312\site-packages\django\urls\utils.py first seen with mtime 1780981152.6077778
File C:\Python312\Lib\platform.py first seen with mtime 1725643874.0
File C:\Python312\DLLs\select.pyd first seen with mtime 1725643928.0
File C:\Users\mikae\AppData\Roaming\Python\Python312\site-packages\django\core\mail\__init__.py first seen with mtime 1780981152.4636765
File C:\Python312\Lib\asyncio\selector_events.py first seen with mtime 1725643874.0
File C:\Users\mikae\AppData\Roaming\Python\Python312\site-packages\asgiref\sync.py first seen with mtime 1780981149.8517473
File C:\Python312\Lib\contextvars.py first seen with mtime 1725643874.0
File C:\Users\mikae\AppData\Roaming\Python\Python312\site-packages\django\contrib\staticfiles\__init__.py first seen with mtime 1780981152.4329646
File C:\Users\mikae\AppData\Roaming\Python\Python312\site-packages\django\core\exceptions.py first seen with mtime 1780981152.442237
File C:\Users\mikae\AppData\Roaming\Python\Python312\site-packages\sqlparse\sql.py first seen with mtime 1780981149.1115808
File C:\Users\mikae\AppData\Roaming\Python\Python312\site-packages\django\utils\translation\__init__.py first seen with mtime 1780981152.6264682
File C:\Python312\Lib\re\__init__.py first seen with mtime 1725643874.0
File C:\Users\mikae\AppData\Roaming\Python\Python312\site-packages\django\core\files\images.py first seen with mtime 1780981152.4559023
File C:\Users\mikae\AppData\Roaming\Python\Python312\site-packages\django\core\serializers\json.py first seen with mtime 1780981152.4817164
File C:\Users\mikae\AppData\Roaming\Python\Python312\site-packages\django\middleware\common.py first seen with mtime 1780981152.5833807
File C:\Python312\Lib\logging\__init__.py first seen with mtime 1725643874.0
File C:\Users\mikae\AppData\Roaming\Python\Python312\site-packages\django\db\models\functions\math.py first seen with mtime 1780981152.5307436
File C:\Python312\Lib\nturl2path.py first seen with mtime 1725643874.0
File C:\Users\mikae\AppData\Roaming\Python\Python312\site-packages\django\contrib\messages\apps.py first seen with mtime 1780981152.0165222
File C:\Users\mikae\AppData\Roaming\Python\Python312\site-packages\django\template\autoreload.py first seen with mtime 1780981152.5894866
File C:\Python312\DLLs\_zoneinfo.pyd first seen with mtime 1725643928.0
File C:\Users\mikae\AppData\Roaming\Python\Python312\site-packages\django\contrib\admin\__init__.py first seen with mtime 1780981150.998765
File C:\Users\mikae\AppData\Roaming\Python\Python312\site-packages\django\template\loaders\__init__.py first seen with mtime 1780981152.5990438
File C:\Users\mikae\AppData\Roaming\Python\Python312\site-packages\django\core\signing.py first seen with mtime 1780981152.442237
File C:\Users\mikae\AppData\Roaming\Python\Python312\site-packages\django\db\backends\sqlite3\_functions.py first seen with mtime 1780981152.5031266
File C:\Users\mikae\AppData\Roaming\Python\Python312\site-packages\django\core\paginator.py first seen with mtime 1780981152.442237
File C:\Python312\Lib\asyncio\staggered.py first seen with mtime 1725643874.0
File C:\Users\mikae\AppData\Roaming\Python\Python312\site-packages\django\contrib\admin\templatetags\log.py first seen with mtime 1780981151.2784965
File C:\Users\mikae\AppData\Roaming\Python\Python312\site-packages\django\core\files\utils.py first seen with mtime 1780981152.4576468
File C:\Users\mikae\AppData\Roaming\Python\Python312\site-packages\django\db\models\fields\reverse_related.py first seen with mtime 1780981152.5277362
File C:\Users\mikae\AppData\Roaming\Python\Python312\site-packages\django\contrib\auth\middleware.py first seen with mtime 1780981151.404188
File C:\Users\mikae\AppData\Roaming\Python\Python312\site-packages\django\urls\base.py first seen with mtime 1780981152.6077778
File C:\Users\mikae\AppData\Roaming\Python\Python312\site-packages\django\db\backends\base\operations.py first seen with mtime 1780981152.4881015
File C:\Python312\Lib\asyncio\base_events.py first seen with mtime 1725643874.0
File C:\Users\mikae\AppData\Roaming\Python\Python312\site-packages\django\views\decorators\debug.py first seen with mtime 1780981152.6324844
File C:\Users\mikae\AppData\Roaming\Python\Python312\site-packages\django\db\models\signals.py first seen with mtime 1780981152.5217197
File C:\Python312\Lib\email\iterators.py first seen with mtime 1725643874.0
File C:\Python312\Lib\heapq.py first seen with mtime 1725643874.0
File C:\Users\mikae\AppData\Roaming\Python\Python312\site-packages\django\db\migrations\questioner.py first seen with mtime 1780981152.5124354
File C:\Users\mikae\AppData\Roaming\Python\Python312\site-packages\django\forms\boundfield.py first seen with mtime 1780981152.5367725
File C:\Users\mikae\AppData\Roaming\Python\Python312\site-packages\django\core\checks\database.py first seen with mtime 1780981152.4483008
File C:\Python312\Lib\ipaddress.py first seen with mtime 1725643874.0
File C:\Users\mikae\AppData\Roaming\Python\Python312\site-packages\django\contrib\admin\widgets.py first seen with mtime 1780981151.0048702
File C:\Users\mikae\AppData\Roaming\Python\Python312\site-packages\django\db\models\query_utils.py first seen with mtime 1780981152.5217197
File C:\Users\mikae\AppData\Roaming\Python\Python312\site-packages\django\template\__init__.py first seen with mtime 1780981152.5894866
File C:\Users\mikae\AppData\Roaming\Python\Python312\site-packages\django\contrib\contenttypes\checks.py first seen with mtime 1780981151.5247533
File C:\Users\mikae\AppData\Roaming\Python\Python312\site-packages\django\middleware\cache.py first seen with mtime 1780981152.5823781
File C:\Users\mikae\AppData\Roaming\Python\Python312\site-packages\django\core\checks\templates.py first seen with mtime 1780981152.4510548
File C:\Python312\Lib\hashlib.py first seen with mtime 1725643874.0
File C:\Users\mikae\AppData\Roaming\Python\Python312\site-packages\django\core\checks\urls.py first seen with mtime 1780981152.4510548
File C:\Users\mikae\AppData\Roaming\Python\Python312\site-packages\sqlparse\exceptions.py first seen with mtime 1780981149.111076
File C:\the_project_of_all_time\src\pages\templates\admin first seen with mtime 1787725132.0499969
File C:\the_project_of_all_time\src\pages\templates\pages first seen with mtime 1787720258.4728608
File C:\the_project_of_all_time\src\pages\templates\admin\thebankler.html first seen with mtime 1787726270.2914162
File C:\the_project_of_all_time\src\pages\templates\pages\index.html first seen with mtime 1787812299.7065005
File C:\the_project_of_all_time\src\pages\templates\pages\login.html first seen with mtime 1787735472.21283
File C:\Users\mikae\AppData\Roaming\Python\Python312\site-packages\django\db\migrations\graph.py first seen with mtime 1780981152.5091562
File C:\Users\mikae\AppData\Roaming\Python\Python312\site-packages\django\views\csrf.py first seen with mtime 1780981152.6294763
File C:\Users\mikae\AppData\Roaming\Python\Python312\site-packages\django\contrib\auth\migrations\0005_alter_user_last_login_null.py first seen with mtime 1780981151.5180237
File C:\Users\mikae\AppData\Roaming\Python\Python312\site-packages\django\contrib\admin\migrations\0001_initial.py first seen with mtime 1780981151.2000387
File C:\Users\mikae\AppData\Roaming\Python\Python312\site-packages\django\contrib\sessions\migrations\0001_initial.py first seen with mtime 1780981152.3256848
File C:\Python312\Lib\encodings\idna.py first seen with mtime 1725643874.0
File C:\Users\mikae\AppData\Roaming\Python\Python312\site-packages\django\contrib\auth\migrations\0001_initial.py first seen with mtime 1780981151.5180237
File C:\Users\mikae\AppData\Roaming\Python\Python312\site-packages\django\contrib\admin\migrations\0002_logentry_remove_auto_add.py first seen with mtime 1780981151.2000387
File C:\Users\mikae\AppData\Roaming\Python\Python312\site-packages\django\contrib\admin\migrations\0003_logentry_add_action_flag_choices.py first seen with mtime 1780981151.2000387
File C:\Users\mikae\AppData\Roaming\Python\Python312\site-packages\django\contrib\contenttypes\migrations\__init__.py first seen with mtime 1780981151.645057
File C:\Users\mikae\AppData\Roaming\Python\Python312\site-packages\django\contrib\sessions\migrations\__init__.py first seen with mtime 1780981152.3256848
File C:\Users\mikae\AppData\Roaming\Python\Python312\site-packages\django\contrib\contenttypes\migrations\0002_remove_content_type_name.py first seen with mtime 1780981151.645057
File C:\Users\mikae\AppData\Roaming\Python\Python312\site-packages\django\contrib\auth\migrations\0003_alter_user_email_max_length.py first seen with mtime 1780981151.5180237
File C:\Users\mikae\AppData\Roaming\Python\Python312\site-packages\django\contrib\auth\migrations\0010_alter_group_name_max_length.py first seen with mtime 1780981151.5214088
File C:\Users\mikae\AppData\Roaming\Python\Python312\site-packages\django\contrib\auth\migrations\0006_require_contenttypes_0002.py first seen with mtime 1780981151.5180237
File C:\Users\mikae\AppData\Roaming\Python\Python312\site-packages\django\contrib\auth\migrations\0009_alter_user_last_name_max_length.py first seen with mtime 1780981151.5214088
File C:\Users\mikae\AppData\Roaming\Python\Python312\site-packages\django\contrib\sessions\backends\db.py first seen with mtime 1780981152.2224586
File C:\Users\mikae\AppData\Roaming\Python\Python312\site-packages\django\contrib\contenttypes\migrations\0001_initial.py first seen with mtime 1780981151.645057
File C:\Users\mikae\AppData\Roaming\Python\Python312\site-packages\django\core\management\sql.py first seen with mtime 1780981152.468688
File C:\Users\mikae\AppData\Roaming\Python\Python312\site-packages\django\contrib\auth\migrations\__init__.py first seen with mtime 1780981151.5214088
File C:\Users\mikae\AppData\Roaming\Python\Python312\site-packages\django\contrib\admin\migrations\__init__.py first seen with mtime 1780981151.2000387
File C:\Users\mikae\AppData\Roaming\Python\Python312\site-packages\django\contrib\auth\migrations\0004_alter_user_username_opts.py first seen with mtime 1780981151.5180237
File C:\Users\mikae\AppData\Roaming\Python\Python312\site-packages\django\contrib\auth\migrations\0011_update_proxy_permissions.py first seen with mtime 1780981151.5214088
File C:\Users\mikae\AppData\Roaming\Python\Python312\site-packages\django\contrib\auth\migrations\0008_alter_user_username_max_length.py first seen with mtime 1780981151.5214088
File C:\Users\mikae\AppData\Roaming\Python\Python312\site-packages\django\db\migrations\serializer.py first seen with mtime 1780981152.5124354
File C:\Users\mikae\AppData\Roaming\Python\Python312\site-packages\django\db\migrations\writer.py first seen with mtime 1780981152.5124354
File C:\the_project_of_all_time\src\config\wsgi.py first seen with mtime 1781057681.189435
File C:\the_project_of_all_time\src\pages\migrations\__init__.py first seen with mtime 1781057681.1854095
File C:\Users\mikae\AppData\Roaming\Python\Python312\site-packages\django\db\migrations\recorder.py first seen with mtime 1780981152.5124354
File C:\Users\mikae\AppData\Roaming\Python\Python312\site-packages\django\db\models\sql\compiler.py first seen with mtime 1780981152.5337517
File C:\Users\mikae\AppData\Roaming\Python\Python312\site-packages\django\contrib\auth\migrations\0007_alter_validators_add_error_messages.py first seen with mtime 1780981151.5180237
File C:\Python312\Lib\stringprep.py first seen with mtime 1725643874.0
File C:\Users\mikae\AppData\Roaming\Python\Python312\site-packages\django\contrib\auth\migrations\0002_alter_permission_name_max_length.py first seen with mtime 1780981151.5180237
File C:\Users\mikae\AppData\Roaming\Python\Python312\site-packages\django\contrib\auth\migrations\0012_alter_user_first_name_max_length.py first seen with mtime 1780981151.5214088
File C:\Users\mikae\AppData\Roaming\Python\Python312\site-packages\django\core\management\commands\migrate.py first seen with mtime 1780981152.4746995
File C:\the_project_of_all_time\src\pages\migrations\0001_initial.py first seen with mtime 1781057681.1854095
File C:\Users\mikae\AppData\Roaming\Python\Python312\site-packages\django\db\migrations\executor.py first seen with mtime 1780981152.5091562
"GET /login/?next=/ HTTP/1.1" 200 695
File C:\Users\mikae\AppData\Roaming\Python\Python312\site-packages\django\contrib\sessions\serializers.py first seen with mtime 1780981152.2209537
File C:\Users\mikae\AppData\Roaming\Python\Python312\site-packages\django\contrib\staticfiles\storage.py first seen with mtime 1780981152.4360428
File C:\Users\mikae\AppData\Roaming\Python\Python312\site-packages\django\contrib\messages\storage\cookie.py first seen with mtime 1780981152.019535
File C:\Users\mikae\AppData\Roaming\Python\Python312\site-packages\django\contrib\messages\context_processors.py first seen with mtime 1780981152.0165222
File C:\Users\mikae\AppData\Roaming\Python\Python312\site-packages\django\utils\csp.py first seen with mtime 1780981152.613808
File C:\Users\mikae\AppData\Roaming\Python\Python312\site-packages\django\contrib\messages\storage\fallback.py first seen with mtime 1780981152.0205405
File C:\Users\mikae\AppData\Roaming\Python\Python312\site-packages\django\template\context_processors.py first seen with mtime 1780981152.5894866
File C:\Users\mikae\AppData\Roaming\Python\Python312\site-packages\django\contrib\messages\storage\session.py first seen with mtime 1780981152.0205405
File C:\Users\mikae\AppData\Roaming\Python\Python312\site-packages\django\middleware\csp.py first seen with mtime 1780981152.5833807
File C:\Python312\Lib\encodings\unicode_escape.py first seen with mtime 1725643874.0
File C:\Users\mikae\AppData\Roaming\Python\Python312\site-packages\django\contrib\auth\context_processors.py first seen with mtime 1780981151.402325
(0.000) SELECT "auth_user"."id", "auth_user"."password", "auth_user"."last_login", "auth_user"."is_superuser", "auth_user"."username", "auth_user"."first_name", "auth_user"."last_name", "auth_user"."email", "auth_user"."is_staff", "auth_user"."is_active", "auth_user"."date_joined" FROM "auth_user" WHERE "auth_user"."username" = 'bob' LIMIT 21; args=('bob',); alias=default
(0.000) SELECT 1 AS "a" FROM "django_session" WHERE "django_session"."session_key" = 'wz618lb3wuqqzgfh5ftuuabw727e3api' LIMIT 1; args=(1, 'wz618lb3wuqqzgfh5ftuuabw727e3api'); alias=default
(0.000) BEGIN; args=None; alias=default
(0.000) INSERT INTO "django_session" ("session_key", "session_data", "expire_date") VALUES ('wz618lb3wuqqzgfh5ftuuabw727e3api', 'e30:1wzkkA:3KboZDr5DwZFlI8E0YnJJCgIO0oIBMwxcJ53JWZffPk', '2026-09-11 00:46:54.700959'); args=('wz618lb3wuqqzgfh5ftuuabw727e3api', 'e30:1wzkkA:3KboZDr5DwZFlI8E0YnJJCgIO0oIBMwxcJ53JWZffPk', '2026-09-11 00:46:54.700959'); alias=default
(0.015) COMMIT; args=None; alias=default
(0.000) UPDATE "auth_user" SET "last_login" = '2026-08-28 00:46:54.711831' WHERE "auth_user"."id" = 2; args=('2026-08-28 00:46:54.711831', 2); alias=default
(0.000) BEGIN; args=None; alias=default
(0.000) UPDATE "django_session" SET "session_data" = '.eJxVjDsOwjAQBe_iGlnyrj-7lPScIXK8Ng4gW8qnQtwdIqWA9s3Me6khbmsdtiXPwyTqrECdfrcxpkduO5B7bLeuU2_rPI16V_RBF33tkp-Xw_07qHGp3zoVdCyCxQAFsAzoTQS2HsX4RA4Lg_UgEMlyYEchMXlCDy4RZlLvD7GHNic:1wzkkA:g9jgSp_pr1w9A_LIJfPmrad9UXDu_gN9eq2UV3mNVE8', "expire_date" = '2026-09-11 00:46:54.720656' WHERE "django_session"."session_key" = 'wz618lb3wuqqzgfh5ftuuabw727e3api'; args=('.eJxVjDsOwjAQBe_iGlnyrj-7lPScIXK8Ng4gW8qnQtwdIqWA9s3Me6khbmsdtiXPwyTqrECdfrcxpkduO5B7bLeuU2_rPI16V_RBF33tkp-Xw_07qHGp3zoVdCyCxQAFsAzoTQS2HsX4RA4Lg_UgEMlyYEchMXlCDy4RZlLvD7GHNic:1wzkkA:g9jgSp_pr1w9A_LIJfPmrad9UXDu_gN9eq2UV3mNVE8', '2026-09-11 00:46:54.720656', 'wz618lb3wuqqzgfh5ftuuabw727e3api'); alias=default
(0.016) COMMIT; args=None; alias=default
"POST /login/?next=/ HTTP/1.1" 302 0
(0.000) SELECT "django_session"."session_key", "django_session"."session_data", "django_session"."expire_date" FROM "django_session" WHERE ("django_session"."expire_date" > '2026-08-28 00:46:54.731764' AND "django_session"."session_key" = 'wz618lb3wuqqzgfh5ftuuabw727e3api') LIMIT 21; args=('2026-08-28 00:46:54.731764', 'wz618lb3wuqqzgfh5ftuuabw727e3api'); alias=default
(0.000) SELECT "auth_user"."id", "auth_user"."password", "auth_user"."last_login", "auth_user"."is_superuser", "auth_user"."username", "auth_user"."first_name", "auth_user"."last_name", "auth_user"."email", "auth_user"."is_staff", "auth_user"."is_active", "auth_user"."date_joined" FROM "auth_user" WHERE "auth_user"."id" = 2 LIMIT 21; args=(2,); alias=default
(0.000) SELECT "pages_account"."id", "pages_account"."user_id", "pages_account"."balance" FROM "pages_account" WHERE "pages_account"."user_id" = 2 LIMIT 21; args=(2,); alias=default
(0.000) SELECT "pages_account"."id", "pages_account"."user_id", "pages_account"."balance" FROM "pages_account" WHERE NOT ("pages_account"."user_id" = 2); args=(2,); alias=default
(0.000) SELECT "auth_user"."id", "auth_user"."password", "auth_user"."last_login", "auth_user"."is_superuser", "auth_user"."username", "auth_user"."first_name", "auth_user"."last_name", "auth_user"."email", "auth_user"."is_staff", "auth_user"."is_active", "auth_user"."date_joined" FROM "auth_user" WHERE "auth_user"."id" = 3 LIMIT 21; args=(3,); alias=default
(0.000) SELECT "auth_user"."id", "auth_user"."password", "auth_user"."last_login", "auth_user"."is_superuser", "auth_user"."username", "auth_user"."first_name", "auth_user"."last_name", "auth_user"."email", "auth_user"."is_staff", "auth_user"."is_active", "auth_user"."date_joined" FROM "auth_user" WHERE "auth_user"."id" = 4 LIMIT 21; args=(4,); alias=default
"GET / HTTP/1.1" 200 1611
File C:\Users\mikae\AppData\Roaming\Python\Python312\site-packages\django\conf\locale\en\formats.py first seen with mtime 1780981150.8466773
File C:\Users\mikae\AppData\Roaming\Python\Python312\site-packages\django\conf\locale\en\__init__.py first seen with mtime 1780981150.846172
(0.000) SELECT "django_session"."session_key", "django_session"."session_data", "django_session"."expire_date" FROM "django_session" WHERE ("django_session"."expire_date" > '2026-08-28 00:46:57.298945' AND "django_session"."session_key" = 'wz618lb3wuqqzgfh5ftuuabw727e3api') LIMIT 21; args=('2026-08-28 00:46:57.298945', 'wz618lb3wuqqzgfh5ftuuabw727e3api'); alias=default
(0.000) SELECT "auth_user"."id", "auth_user"."password", "auth_user"."last_login", "auth_user"."is_superuser", "auth_user"."username", "auth_user"."first_name", "auth_user"."last_name", "auth_user"."email", "auth_user"."is_staff", "auth_user"."is_active", "auth_user"."date_joined" FROM "auth_user" WHERE "auth_user"."id" = 2 LIMIT 21; args=(2,); alias=default
(0.000) SELECT "auth_user"."id", "auth_user"."password", "auth_user"."last_login", "auth_user"."is_superuser", "auth_user"."username", "auth_user"."first_name", "auth_user"."last_name", "auth_user"."email", "auth_user"."is_staff", "auth_user"."is_active", "auth_user"."date_joined" FROM "auth_user" WHERE "auth_user"."username" = 'alice' LIMIT 21; args=('alice',); alias=default
(0.000) SELECT "pages_account"."id", "pages_account"."user_id", "pages_account"."balance" FROM "pages_account" WHERE "pages_account"."user_id" = 2 LIMIT 21; args=(2,); alias=default
(0.000) SELECT "pages_account"."id", "pages_account"."user_id", "pages_account"."balance" FROM "pages_account" WHERE "pages_account"."user_id" = 3 LIMIT 21; args=(3,); alias=default
(0.000) BEGIN; args=None; alias=default
(0.016) UPDATE "pages_account" SET "user_id" = 2, "balance" = 96193021 WHERE "pages_account"."id" = 1; args=(2, 96193021, 1); alias=default
(0.000) UPDATE "pages_account" SET "user_id" = 3, "balance" = 20374 WHERE "pages_account"."id" = 2; args=(3, 20374, 2); alias=default
(0.000) COMMIT; args=None; alias=default
(0.000) BEGIN; args=None; alias=default
(0.000) UPDATE "django_session" SET "session_data" = '.eJxVjDsOgzAQRO_iOrLE-sMuZfqcAS1eE0iILYGpotw9RqJIypl5896q571M_b7FtZ9FdQrU5bcbODxjOgZ5cLpnHXIq6zzoA9HnuulblrhcT_ZPMPE21XcYjSMRMzaALVgC4xsGst5I4wM6MxJYDwKMllpy2AZCj8aDC2giVmnJ1cPLHGIN_Mp7Kqqzny8Y_D1o:1wzkkD:TFOpPCregJxqTZF64g0momP0fb8P6LftJBq2W4Z6zO0', "expire_date" = '2026-09-11 00:46:57.312569' WHERE "django_session"."session_key" = 'wz618lb3wuqqzgfh5ftuuabw727e3api'; args=('.eJxVjDsOgzAQRO_iOrLE-sMuZfqcAS1eE0iILYGpotw9RqJIypl5896q571M_b7FtZ9FdQrU5bcbODxjOgZ5cLpnHXIq6zzoA9HnuulblrhcT_ZPMPE21XcYjSMRMzaALVgC4xsGst5I4wM6MxJYDwKMllpy2AZCj8aDC2giVmnJ1cPLHGIN_Mp7Kqqzny8Y_D1o:1wzkkD:TFOpPCregJxqTZF64g0momP0fb8P6LftJBq2W4Z6zO0', '2026-09-11 00:46:57.312569', 'wz618lb3wuqqzgfh5ftuuabw727e3api'); alias=default
(0.016) COMMIT; args=None; alias=default
"GET /transfer/?to=alice&amount=4 HTTP/1.1" 302 0
(0.000) SELECT "django_session"."session_key", "django_session"."session_data", "django_session"."expire_date" FROM "django_session" WHERE ("django_session"."expire_date" > '2026-08-28 00:46:57.323113' AND "django_session"."session_key" = 'wz618lb3wuqqzgfh5ftuuabw727e3api') LIMIT 21; args=('2026-08-28 00:46:57.323113', 'wz618lb3wuqqzgfh5ftuuabw727e3api'); alias=default
(0.000) SELECT "auth_user"."id", "auth_user"."password", "auth_user"."last_login", "auth_user"."is_superuser", "auth_user"."username", "auth_user"."first_name", "auth_user"."last_name", "auth_user"."email", "auth_user"."is_staff", "auth_user"."is_active", "auth_user"."date_joined" FROM "auth_user" WHERE "auth_user"."id" = 2 LIMIT 21; args=(2,); alias=default
(0.000) SELECT "pages_account"."id", "pages_account"."user_id", "pages_account"."balance" FROM "pages_account" WHERE "pages_account"."user_id" = 2 LIMIT 21; args=(2,); alias=default
(0.000) SELECT "pages_account"."id", "pages_account"."user_id", "pages_account"."balance" FROM "pages_account" WHERE NOT ("pages_account"."user_id" = 2); args=(2,); alias=default
(0.000) SELECT "auth_user"."id", "auth_user"."password", "auth_user"."last_login", "auth_user"."is_superuser", "auth_user"."username", "auth_user"."first_name", "auth_user"."last_name", "auth_user"."email", "auth_user"."is_staff", "auth_user"."is_active", "auth_user"."date_joined" FROM "auth_user" WHERE "auth_user"."id" = 3 LIMIT 21; args=(3,); alias=default
(0.000) SELECT "auth_user"."id", "auth_user"."password", "auth_user"."last_login", "auth_user"."is_superuser", "auth_user"."username", "auth_user"."first_name", "auth_user"."last_name", "auth_user"."email", "auth_user"."is_staff", "auth_user"."is_active", "auth_user"."date_joined" FROM "auth_user" WHERE "auth_user"."id" = 4 LIMIT 21; args=(4,); alias=default
"GET / HTTP/1.1" 200 1611
File C:\the_project_of_all_time\src\config\settings.py previous mtime: 1787877522.65772, current mtime: 1787878084.2346816
C:\the_project_of_all_time\src\config\settings.py notified as changed. Signal results: [(<function template_changed at 0x000002296F9D2480>, None), (<function translation_file_changed at 0x000002297091D620>, None)].
C:\the_project_of_all_time\src\config\settings.py changed, reloading.
